{
	"editor": {
		"allAngles": false,
		"entityTextureMode": false
	},
	"textureWidth": 16,
	"textureHeight": 16,
	"textureSizes": {
	},
	"textures": {},
	"elements": [
		{
			"name": "picture",
			"from": [ 8.0, 0.0, 0.0 ],
			"to": [ 8.0, 16.0, 16.0 ],
			"rotationOrigin": [ 8.0, 0.0, 0.0 ],
			"faces": {
				"north": { "texture": "skin", "uv": [ 0.0, 0.0, 1.0, 16.0 ] },
				"east": { "texture": "skin", "uv": [ 0.0, 0.0, 0.0, 0.0 ], "autoUv": false },
				"south": { "texture": "skin", "uv": [ 0.0, 0.0, 1.0, 16.0 ] },
				"west": { "texture": "skin", "uv": [ 0.0, 0.0, 16.0, 16.0 ] },
				"up": { "texture": "skin", "uv": [ 0.0, 0.0, 1.0, 16.0 ] },
				"down": { "texture": "skin", "uv": [ 0.0, 0.0, 1.0, 16.0 ] }
			}
		}
	]}