{
	"editor": {
		"allAngles": true,
		"entityTextureMode": true
	},
	"textureWidth": 64,
	"textureHeight": 64,
	"textureSizes": {
	},
	"textures": {},
	"elements": [
		{
			"name": "hips",
			"from": [ 8.0, 15.7, 8.0 ],
			"to": [ 8.0, 15.7, 8.0 ],
			"uv": [ 0.0, 63.0 ],
			"rotationOrigin": [ 8.0, 15.7, 8.0 ],
			"rotationZ": 22.5,
			"faces": {
				"north": { "texture": "#ent-shepherd", "uv": [ 0.0, 63.5, 0.5, 64.0 ] },
				"east": { "texture": "#ent-shepherd", "uv": [ 0.5, 63.5, 1.0, 64.0 ] },
				"south": { "texture": "#ent-shepherd", "uv": [ 1.0, 63.5, 1.5, 64.0 ] },
				"west": { "texture": "#ent-shepherd", "uv": [ 1.5, 63.5, 2.0, 64.0 ] },
				"up": { "texture": "#ent-shepherd", "uv": [ 0.0, 63.0, 0.5, 63.5 ] },
				"down": { "texture": "#ent-shepherd", "uv": [ 0.5, 63.0, 1.0, 63.5 ] }
			},
			"children": [
				{
					"name": "bottom_pelvis",
					"from": [ 0.0, -0.1, -2.5 ],
					"to": [ 2.0, 0.9, 2.5 ],
					"uv": [ 2.0, 52.0 ],
					"rotationOrigin": [ 0.0, -0.1, -2.5 ],
					"faces": {
						"north": { "texture": "#ent-shepherd", "uv": [ 2.0, 57.0, 4.0, 58.0 ] },
						"east": { "texture": "#ent-shepherd", "uv": [ 4.0, 57.0, 9.0, 58.0 ] },
						"south": { "texture": "#ent-shepherd", "uv": [ 9.0, 57.0, 11.0, 58.0 ] },
						"west": { "texture": "#ent-shepherd", "uv": [ 11.0, 57.0, 16.0, 58.0 ] },
						"up": { "texture": "#ent-shepherd", "uv": [ 2.0, 52.0, 4.0, 57.0 ] },
						"down": { "texture": "#ent-shepherd", "uv": [ 4.0, 52.0, 6.0, 57.0 ] }
					}
				},
				{
					"name": "back_pelvis",
					"from": [ 1.0, -0.5, -2.3 ],
					"to": [ 2.0, 1.5, 3.7 ],
					"uv": [ 0.0, 52.0 ],
					"rotationOrigin": [ 1.0, 0.4, -2.3 ],
					"rotationX": -61.0,
					"rotationY": 33.0,
					"rotationZ": -17.0,
					"faces": {
						"north": { "texture": "#ent-shepherd", "uv": [ 0.0, 58.0, 1.0, 60.0 ] },
						"east": { "texture": "#ent-shepherd", "uv": [ 1.0, 58.0, 7.0, 60.0 ] },
						"south": { "texture": "#ent-shepherd", "uv": [ 7.0, 58.0, 8.0, 60.0 ] },
						"west": { "texture": "#ent-shepherd", "uv": [ 8.0, 58.0, 14.0, 60.0 ] },
						"up": { "texture": "#ent-shepherd", "uv": [ 0.0, 52.0, 1.0, 58.0 ] },
						"down": { "texture": "#ent-shepherd", "uv": [ 1.0, 52.0, 2.0, 58.0 ] }
					}
				},
				{
					"name": "waist",
					"from": [ 1.4, -0.7, -1.0 ],
					"to": [ 3.4, 5.3, 1.0 ],
					"uv": [ 0.0, 34.0 ],
					"rotationOrigin": [ 2.4, 0.5, 0.0 ],
					"rotationZ": -30.0,
					"faces": {
						"north": { "texture": "#ent-shepherd", "uv": [ 0.0, 36.0, 2.0, 42.0 ] },
						"east": { "texture": "#ent-shepherd", "uv": [ 2.0, 36.0, 4.0, 42.0 ] },
						"south": { "texture": "#ent-shepherd", "uv": [ 4.0, 36.0, 6.0, 42.0 ] },
						"west": { "texture": "#ent-shepherd", "uv": [ 6.0, 36.0, 8.0, 42.0 ] },
						"up": { "texture": "#ent-shepherd", "uv": [ 0.0, 34.0, 2.0, 36.0 ] },
						"down": { "texture": "#ent-shepherd", "uv": [ 2.0, 34.0, 4.0, 36.0 ] }
					},
					"children": [
						{
							"name": "upper_spine",
							"from": [ -0.1422, 5.5695, 0.0 ],
							"to": [ 1.8578, 13.5695, 2.0 ],
							"uv": [ 0.0, 24.0 ],
							"rotationOrigin": [ 0.8578, 6.0695, 1.0 ],
							"rotationZ": 22.5,
							"faces": {
								"north": { "texture": "#ent-shepherd", "uv": [ 0.0, 26.0, 2.0, 34.0 ] },
								"east": { "texture": "#ent-shepherd", "uv": [ 2.0, 26.0, 4.0, 34.0 ] },
								"south": { "texture": "#ent-shepherd", "uv": [ 4.0, 26.0, 6.0, 34.0 ] },
								"west": { "texture": "#ent-shepherd", "uv": [ 6.0, 26.0, 8.0, 34.0 ] },
								"up": { "texture": "#ent-shepherd", "uv": [ 0.0, 24.0, 2.0, 26.0 ] },
								"down": { "texture": "#ent-shepherd", "uv": [ 2.0, 24.0, 4.0, 26.0 ] }
							},
							"children": [
								{
									"name": "shoulders",
									"from": [ 0.2465, 7.15, -5.0 ],
									"to": [ 2.2465, 8.15, 7.0 ],
									"uv": [ 8.0, 44.0 ],
									"rotationOrigin": [ 0.2465, 7.1488, 1.0 ],
									"rotationZ": -45.0,
									"faces": {
										"north": { "texture": "#ent-shepherd", "uv": [ 8.0, 56.0, 10.0, 57.0 ] },
										"east": { "texture": "#ent-shepherd", "uv": [ 10.0, 56.0, 22.0, 57.0 ] },
										"south": { "texture": "#ent-shepherd", "uv": [ 22.0, 56.0, 24.0, 57.0 ] },
										"west": { "texture": "#ent-shepherd", "uv": [ 24.0, 56.0, 36.0, 57.0 ] },
										"up": { "texture": "#ent-shepherd", "uv": [ 8.0, 44.0, 10.0, 56.0 ] },
										"down": { "texture": "#ent-shepherd", "uv": [ 10.0, 44.0, 12.0, 56.0 ] }
									}
								},
								{
									"name": "R_rib_9",
									"from": [ 0.3, 2.0, -3.0 ],
									"to": [ 1.3, 3.0, 0.0 ],
									"uv": [ 46.0, 0.0 ],
									"rotationOrigin": [ 0.8, 2.5, 1.0 ],
									"rotationX": 8.0,
									"rotationY": 39.0,
									"rotationZ": -3.0,
									"faces": {
										"north": { "texture": "#ent-shepherd", "uv": [ 46.0, 3.0, 47.0, 4.0 ] },
										"east": { "texture": "#ent-shepherd", "uv": [ 47.0, 3.0, 50.0, 4.0 ] },
										"south": { "texture": "#ent-shepherd", "uv": [ 50.0, 3.0, 51.0, 4.0 ] },
										"west": { "texture": "#ent-shepherd", "uv": [ 51.0, 3.0, 54.0, 4.0 ] },
										"up": { "texture": "#ent-shepherd", "uv": [ 46.0, 0.0, 47.0, 3.0 ] },
										"down": { "texture": "#ent-shepherd", "uv": [ 47.0, 0.0, 48.0, 3.0 ] }
									},
									"children": [
										{
											"name": "R_rib_10",
											"from": [ 0.0, -0.1, -3.0 ],
											"to": [ 1.0, 0.9, 0.0 ],
											"uv": [ 38.0, 0.0 ],
											"rotationOrigin": [ 1.0, -0.1, 0.0 ],
											"rotationY": 78.0,
											"faces": {
												"north": { "texture": "#ent-shepherd", "uv": [ 38.0, 3.0, 39.0, 4.0 ] },
												"east": { "texture": "#ent-shepherd", "uv": [ 39.0, 3.0, 42.0, 4.0 ] },
												"south": { "texture": "#ent-shepherd", "uv": [ 42.0, 3.0, 43.0, 4.0 ] },
												"west": { "texture": "#ent-shepherd", "uv": [ 43.0, 3.0, 46.0, 4.0 ] },
												"up": { "texture": "#ent-shepherd", "uv": [ 38.0, 0.0, 39.0, 3.0 ] },
												"down": { "texture": "#ent-shepherd", "uv": [ 39.0, 0.0, 40.0, 3.0 ] }
											},
											"children": [
												{
													"name": "R_rib_11",
													"from": [ 0.0, -0.1, -3.0 ],
													"to": [ 1.0, 0.9, 0.0 ],
													"uv": [ 30.0, 0.0 ],
													"rotationOrigin": [ 1.0, -0.1, 0.0 ],
													"rotationY": 67.5,
													"faces": {
														"north": { "texture": "#ent-shepherd", "uv": [ 30.0, 3.0, 31.0, 4.0 ] },
														"east": { "texture": "#ent-shepherd", "uv": [ 31.0, 3.0, 34.0, 4.0 ] },
														"south": { "texture": "#ent-shepherd", "uv": [ 34.0, 3.0, 35.0, 4.0 ] },
														"west": { "texture": "#ent-shepherd", "uv": [ 35.0, 3.0, 38.0, 4.0 ] },
														"up": { "texture": "#ent-shepherd", "uv": [ 30.0, 0.0, 31.0, 3.0 ] },
														"down": { "texture": "#ent-shepherd", "uv": [ 31.0, 0.0, 32.0, 3.0 ] }
													}
												}
											]
										}
									]
								},
								{
									"name": "L_rib_9",
									"from": [ 0.3, 2.0, -3.0 ],
									"to": [ 1.3, 3.0, 0.0 ],
									"uv": [ 46.0, 0.0 ],
									"rotationOrigin": [ 0.8, 2.5, 1.0 ],
									"rotationX": 28.0,
									"rotationY": 180.0,
									"rotationZ": 8.0,
									"faces": {
										"north": { "texture": "#ent-shepherd", "uv": [ 46.0, 3.0, 47.0, 4.0 ] },
										"east": { "texture": "#ent-shepherd", "uv": [ 47.0, 3.0, 50.0, 4.0 ] },
										"south": { "texture": "#ent-shepherd", "uv": [ 50.0, 3.0, 51.0, 4.0 ] },
										"west": { "texture": "#ent-shepherd", "uv": [ 51.0, 3.0, 54.0, 4.0 ] },
										"up": { "texture": "#ent-shepherd", "uv": [ 46.0, 0.0, 47.0, 3.0 ] },
										"down": { "texture": "#ent-shepherd", "uv": [ 47.0, 0.0, 48.0, 3.0 ] }
									},
									"children": [
										{
											"name": "L_rib_10",
											"from": [ 0.0, -0.1, -3.0 ],
											"to": [ 1.0, 0.9, 0.0 ],
											"uv": [ 38.0, 0.0 ],
											"rotationOrigin": [ 0.0, -0.1, 0.0 ],
											"rotationY": -78.0,
											"faces": {
												"north": { "texture": "#ent-shepherd", "uv": [ 38.0, 3.0, 39.0, 4.0 ] },
												"east": { "texture": "#ent-shepherd", "uv": [ 39.0, 3.0, 42.0, 4.0 ] },
												"south": { "texture": "#ent-shepherd", "uv": [ 42.0, 3.0, 43.0, 4.0 ] },
												"west": { "texture": "#ent-shepherd", "uv": [ 43.0, 3.0, 46.0, 4.0 ] },
												"up": { "texture": "#ent-shepherd", "uv": [ 38.0, 0.0, 39.0, 3.0 ] },
												"down": { "texture": "#ent-shepherd", "uv": [ 39.0, 0.0, 40.0, 3.0 ] }
											},
											"children": [
												{
													"name": "L_rib_11",
													"from": [ 0.0, -0.1, -3.0 ],
													"to": [ 1.0, 0.9, 0.0 ],
													"uv": [ 30.0, 0.0 ],
													"rotationOrigin": [ 0.0, -0.1, 0.0 ],
													"rotationX": 25.0,
													"rotationY": -44.0,
													"rotationZ": 6.0,
													"faces": {
														"north": { "texture": "#ent-shepherd", "uv": [ 30.0, 3.0, 31.0, 4.0 ] },
														"east": { "texture": "#ent-shepherd", "uv": [ 31.0, 3.0, 34.0, 4.0 ] },
														"south": { "texture": "#ent-shepherd", "uv": [ 34.0, 3.0, 35.0, 4.0 ] },
														"west": { "texture": "#ent-shepherd", "uv": [ 35.0, 3.0, 38.0, 4.0 ] },
														"up": { "texture": "#ent-shepherd", "uv": [ 30.0, 0.0, 31.0, 3.0 ] },
														"down": { "texture": "#ent-shepherd", "uv": [ 31.0, 0.0, 32.0, 3.0 ] }
													}
												}
											]
										}
									]
								},
								{
									"name": "R_rib_14",
									"from": [ 0.3, 4.0, -3.0 ],
									"to": [ 1.3, 5.0, 0.0 ],
									"uv": [ 46.0, 0.0 ],
									"rotationOrigin": [ 0.8, 4.5, 1.0 ],
									"rotationX": 11.0,
									"rotationY": 14.0,
									"faces": {
										"north": { "texture": "#ent-shepherd", "uv": [ 46.0, 3.0, 47.0, 4.0 ] },
										"east": { "texture": "#ent-shepherd", "uv": [ 47.0, 3.0, 50.0, 4.0 ] },
										"south": { "texture": "#ent-shepherd", "uv": [ 50.0, 3.0, 51.0, 4.0 ] },
										"west": { "texture": "#ent-shepherd", "uv": [ 51.0, 3.0, 54.0, 4.0 ] },
										"up": { "texture": "#ent-shepherd", "uv": [ 46.0, 0.0, 47.0, 3.0 ] },
										"down": { "texture": "#ent-shepherd", "uv": [ 47.0, 0.0, 48.0, 3.0 ] }
									},
									"children": [
										{
											"name": "R_rib_15",
											"from": [ 0.0, -0.1, -3.0 ],
											"to": [ 1.0, 0.9, 0.0 ],
											"uv": [ 38.0, 0.0 ],
											"rotationOrigin": [ 1.0, -0.1, 0.0 ],
											"rotationY": 78.0,
											"faces": {
												"north": { "texture": "#ent-shepherd", "uv": [ 38.0, 3.0, 39.0, 4.0 ] },
												"east": { "texture": "#ent-shepherd", "uv": [ 39.0, 3.0, 42.0, 4.0 ] },
												"south": { "texture": "#ent-shepherd", "uv": [ 42.0, 3.0, 43.0, 4.0 ] },
												"west": { "texture": "#ent-shepherd", "uv": [ 43.0, 3.0, 46.0, 4.0 ] },
												"up": { "texture": "#ent-shepherd", "uv": [ 38.0, 0.0, 39.0, 3.0 ] },
												"down": { "texture": "#ent-shepherd", "uv": [ 39.0, 0.0, 40.0, 3.0 ] }
											},
											"children": [
												{
													"name": "R_rib_16",
													"from": [ 0.0, -0.1, -3.0 ],
													"to": [ 1.0, 0.9, 0.0 ],
													"uv": [ 30.0, 0.0 ],
													"rotationOrigin": [ 1.0, -0.1, 0.0 ],
													"rotationY": 67.5,
													"faces": {
														"north": { "texture": "#ent-shepherd", "uv": [ 30.0, 3.0, 31.0, 4.0 ] },
														"east": { "texture": "#ent-shepherd", "uv": [ 31.0, 3.0, 34.0, 4.0 ] },
														"south": { "texture": "#ent-shepherd", "uv": [ 34.0, 3.0, 35.0, 4.0 ] },
														"west": { "texture": "#ent-shepherd", "uv": [ 35.0, 3.0, 38.0, 4.0 ] },
														"up": { "texture": "#ent-shepherd", "uv": [ 30.0, 0.0, 31.0, 3.0 ] },
														"down": { "texture": "#ent-shepherd", "uv": [ 31.0, 0.0, 32.0, 3.0 ] }
													}
												}
											]
										}
									]
								},
								{
									"name": "R_rib_17",
									"from": [ 0.3, 6.0, -3.0 ],
									"to": [ 1.3, 7.0, 0.0 ],
									"uv": [ 46.0, 0.0 ],
									"rotationOrigin": [ 0.8, 6.5, 1.0 ],
									"rotationY": 14.0,
									"faces": {
										"north": { "texture": "#ent-shepherd", "uv": [ 46.0, 3.0, 47.0, 4.0 ] },
										"east": { "texture": "#ent-shepherd", "uv": [ 47.0, 3.0, 50.0, 4.0 ] },
										"south": { "texture": "#ent-shepherd", "uv": [ 50.0, 3.0, 51.0, 4.0 ] },
										"west": { "texture": "#ent-shepherd", "uv": [ 51.0, 3.0, 54.0, 4.0 ] },
										"up": { "texture": "#ent-shepherd", "uv": [ 46.0, 0.0, 47.0, 3.0 ] },
										"down": { "texture": "#ent-shepherd", "uv": [ 47.0, 0.0, 48.0, 3.0 ] }
									},
									"children": [
										{
											"name": "R_rib_18",
											"from": [ 0.0, -0.1, -3.0 ],
											"to": [ 1.0, 0.9, 0.0 ],
											"uv": [ 38.0, 0.0 ],
											"rotationOrigin": [ 1.0, -0.1, 0.0 ],
											"rotationY": 78.0,
											"faces": {
												"north": { "texture": "#ent-shepherd", "uv": [ 38.0, 3.0, 39.0, 4.0 ] },
												"east": { "texture": "#ent-shepherd", "uv": [ 39.0, 3.0, 42.0, 4.0 ] },
												"south": { "texture": "#ent-shepherd", "uv": [ 42.0, 3.0, 43.0, 4.0 ] },
												"west": { "texture": "#ent-shepherd", "uv": [ 43.0, 3.0, 46.0, 4.0 ] },
												"up": { "texture": "#ent-shepherd", "uv": [ 38.0, 0.0, 39.0, 3.0 ] },
												"down": { "texture": "#ent-shepherd", "uv": [ 39.0, 0.0, 40.0, 3.0 ] }
											},
											"children": [
												{
													"name": "R_rib_19",
													"from": [ 0.0, -0.1, -3.0 ],
													"to": [ 1.0, 0.9, 0.0 ],
													"uv": [ 30.0, 0.0 ],
													"rotationOrigin": [ 1.0, -0.1, 0.0 ],
													"rotationY": 67.5,
													"faces": {
														"north": { "texture": "#ent-shepherd", "uv": [ 30.0, 3.0, 31.0, 4.0 ] },
														"east": { "texture": "#ent-shepherd", "uv": [ 31.0, 3.0, 34.0, 4.0 ] },
														"south": { "texture": "#ent-shepherd", "uv": [ 34.0, 3.0, 35.0, 4.0 ] },
														"west": { "texture": "#ent-shepherd", "uv": [ 35.0, 3.0, 38.0, 4.0 ] },
														"up": { "texture": "#ent-shepherd", "uv": [ 30.0, 0.0, 31.0, 3.0 ] },
														"down": { "texture": "#ent-shepherd", "uv": [ 31.0, 0.0, 32.0, 3.0 ] }
													}
												}
											]
										}
									]
								},
								{
									"name": "L_rib_14",
									"from": [ 0.3, 4.0, -3.0 ],
									"to": [ 1.3, 5.0, 0.0 ],
									"uv": [ 46.0, 0.0 ],
									"rotationOrigin": [ 0.8, 4.5, 1.0 ],
									"rotationX": 11.0,
									"rotationY": 161.0,
									"rotationZ": 19.0,
									"faces": {
										"north": { "texture": "#ent-shepherd", "uv": [ 46.0, 3.0, 47.0, 4.0 ] },
										"east": { "texture": "#ent-shepherd", "uv": [ 47.0, 3.0, 50.0, 4.0 ] },
										"south": { "texture": "#ent-shepherd", "uv": [ 50.0, 3.0, 51.0, 4.0 ] },
										"west": { "texture": "#ent-shepherd", "uv": [ 51.0, 3.0, 54.0, 4.0 ] },
										"up": { "texture": "#ent-shepherd", "uv": [ 46.0, 0.0, 47.0, 3.0 ] },
										"down": { "texture": "#ent-shepherd", "uv": [ 47.0, 0.0, 48.0, 3.0 ] }
									},
									"children": [
										{
											"name": "L_rib_15",
											"from": [ 0.0, -0.1, -3.0 ],
											"to": [ 1.0, 0.9, 0.0 ],
											"uv": [ 38.0, 0.0 ],
											"rotationOrigin": [ 0.0, -0.1, 0.0 ],
											"rotationY": -78.0,
											"faces": {
												"north": { "texture": "#ent-shepherd", "uv": [ 38.0, 3.0, 39.0, 4.0 ] },
												"east": { "texture": "#ent-shepherd", "uv": [ 39.0, 3.0, 42.0, 4.0 ] },
												"south": { "texture": "#ent-shepherd", "uv": [ 42.0, 3.0, 43.0, 4.0 ] },
												"west": { "texture": "#ent-shepherd", "uv": [ 43.0, 3.0, 46.0, 4.0 ] },
												"up": { "texture": "#ent-shepherd", "uv": [ 38.0, 0.0, 39.0, 3.0 ] },
												"down": { "texture": "#ent-shepherd", "uv": [ 39.0, 0.0, 40.0, 3.0 ] }
											},
											"children": [
												{
													"name": "L_rib_16",
													"from": [ 0.0, -0.1, -3.0 ],
													"to": [ 1.0, 0.9, 0.0 ],
													"uv": [ 30.0, 0.0 ],
													"rotationOrigin": [ 0.0, -0.1, 0.0 ],
													"rotationY": -67.5,
													"faces": {
														"north": { "texture": "#ent-shepherd", "uv": [ 30.0, 3.0, 31.0, 4.0 ] },
														"east": { "texture": "#ent-shepherd", "uv": [ 31.0, 3.0, 34.0, 4.0 ] },
														"south": { "texture": "#ent-shepherd", "uv": [ 34.0, 3.0, 35.0, 4.0 ] },
														"west": { "texture": "#ent-shepherd", "uv": [ 35.0, 3.0, 38.0, 4.0 ] },
														"up": { "texture": "#ent-shepherd", "uv": [ 30.0, 0.0, 31.0, 3.0 ] },
														"down": { "texture": "#ent-shepherd", "uv": [ 31.0, 0.0, 32.0, 3.0 ] }
													}
												}
											]
										}
									]
								},
								{
									"name": "L_rib_17",
									"from": [ 0.4, 6.0, -3.0 ],
									"to": [ 1.4, 7.0, 0.0 ],
									"uv": [ 46.0, 0.0 ],
									"rotationOrigin": [ 0.9, 6.5, 1.0 ],
									"rotationX": -22.0,
									"rotationY": 158.0,
									"faces": {
										"north": { "texture": "#ent-shepherd", "uv": [ 46.0, 3.0, 47.0, 4.0 ] },
										"east": { "texture": "#ent-shepherd", "uv": [ 47.0, 3.0, 50.0, 4.0 ] },
										"south": { "texture": "#ent-shepherd", "uv": [ 50.0, 3.0, 51.0, 4.0 ] },
										"west": { "texture": "#ent-shepherd", "uv": [ 51.0, 3.0, 54.0, 4.0 ] },
										"up": { "texture": "#ent-shepherd", "uv": [ 46.0, 0.0, 47.0, 3.0 ] },
										"down": { "texture": "#ent-shepherd", "uv": [ 47.0, 0.0, 48.0, 3.0 ] }
									},
									"children": [
										{
											"name": "L_rib_18",
											"from": [ 0.0, -0.1, -3.0 ],
											"to": [ 1.0, 0.9, 0.0 ],
											"uv": [ 38.0, 0.0 ],
											"rotationOrigin": [ 0.0, -0.1, 0.0 ],
											"rotationY": -78.0,
											"faces": {
												"north": { "texture": "#ent-shepherd", "uv": [ 38.0, 3.0, 39.0, 4.0 ] },
												"east": { "texture": "#ent-shepherd", "uv": [ 39.0, 3.0, 42.0, 4.0 ] },
												"south": { "texture": "#ent-shepherd", "uv": [ 42.0, 3.0, 43.0, 4.0 ] },
												"west": { "texture": "#ent-shepherd", "uv": [ 43.0, 3.0, 46.0, 4.0 ] },
												"up": { "texture": "#ent-shepherd", "uv": [ 38.0, 0.0, 39.0, 3.0 ] },
												"down": { "texture": "#ent-shepherd", "uv": [ 39.0, 0.0, 40.0, 3.0 ] }
											},
											"children": [
												{
													"name": "L_rib_19",
													"from": [ 0.0, -0.1, -3.0 ],
													"to": [ 1.0, 0.9, 0.0 ],
													"uv": [ 30.0, 0.0 ],
													"rotationOrigin": [ 0.0, -0.1, 0.0 ],
													"rotationY": -67.5,
													"faces": {
														"north": { "texture": "#ent-shepherd", "uv": [ 30.0, 3.0, 31.0, 4.0 ] },
														"east": { "texture": "#ent-shepherd", "uv": [ 31.0, 3.0, 34.0, 4.0 ] },
														"south": { "texture": "#ent-shepherd", "uv": [ 34.0, 3.0, 35.0, 4.0 ] },
														"west": { "texture": "#ent-shepherd", "uv": [ 35.0, 3.0, 38.0, 4.0 ] },
														"up": { "texture": "#ent-shepherd", "uv": [ 30.0, 0.0, 31.0, 3.0 ] },
														"down": { "texture": "#ent-shepherd", "uv": [ 31.0, 0.0, 32.0, 3.0 ] }
													}
												}
											]
										}
									]
								},
								{
									"name": "neck",
									"from": [ -0.12, 7.6546, 0.0 ],
									"to": [ 1.88, 11.6546, 2.0 ],
									"uv": [ 0.0, 18.0 ],
									"rotationOrigin": [ 0.8206, 7.5346, 1.0 ],
									"rotationZ": -8.5,
									"faces": {
										"north": { "texture": "#ent-shepherd", "uv": [ 0.0, 20.0, 2.0, 24.0 ] },
										"east": { "texture": "#ent-shepherd", "uv": [ 2.0, 20.0, 4.0, 24.0 ] },
										"south": { "texture": "#ent-shepherd", "uv": [ 4.0, 20.0, 6.0, 24.0 ] },
										"west": { "texture": "#ent-shepherd", "uv": [ 6.0, 20.0, 8.0, 24.0 ] },
										"up": { "texture": "#ent-shepherd", "uv": [ 0.0, 18.0, 2.0, 20.0 ] },
										"down": { "texture": "#ent-shepherd", "uv": [ 2.0, 18.0, 4.0, 20.0 ] }
									},
									"children": [
										{
											"name": "head",
											"from": [ -2.5, 3.6, -1.5 ],
											"to": [ 2.5, 7.6, 3.5 ],
											"uv": [ 0.0, 0.0 ],
											"rotationOrigin": [ 1.1, 3.6, 1.0 ],
											"rotationZ": 3.0,
											"faces": {
												"north": { "texture": "#ent-shepherd", "uv": [ 0.0, 5.0, 5.0, 9.0 ] },
												"east": { "texture": "#ent-shepherd", "uv": [ 5.0, 5.0, 10.0, 9.0 ] },
												"south": { "texture": "#ent-shepherd", "uv": [ 10.0, 5.0, 15.0, 9.0 ] },
												"west": { "texture": "#ent-shepherd", "uv": [ 15.0, 5.0, 20.0, 9.0 ] },
												"up": { "texture": "#ent-shepherd", "uv": [ 0.0, 0.0, 5.0, 5.0 ] },
												"down": { "texture": "#ent-shepherd", "uv": [ 5.0, 0.0, 10.0, 5.0 ] }
											},
											"children": [
												{
													"name": "jaw",
													"from": [ -0.47, -1.08, 1.05 ],
													"to": [ 3.53, -0.08, 3.95 ],
													"autoUnwrap": false,
													"uv": [ 0.0, 9.0 ],
													"rotationOrigin": [ 3.527, -0.0779, 2.5 ],
													"rotationZ": -0.5,
													"faces": {
														"north": { "texture": "#ent-shepherd", "uv": [ 0.0, 12.0, 4.0, 13.0 ] },
														"east": { "texture": "#ent-shepherd", "uv": [ 4.0, 12.0, 7.0, 13.0 ], "autoUv": false },
														"south": { "texture": "#ent-shepherd", "uv": [ 7.0, 12.0, 11.0, 13.0 ] },
														"west": { "texture": "#ent-shepherd", "uv": [ 11.0, 12.0, 14.0, 13.0 ], "autoUv": false },
														"up": { "texture": "#ent-shepherd", "uv": [ 0.0, 9.0, 4.0, 12.0 ], "autoUv": false },
														"down": { "texture": "#ent-shepherd", "uv": [ 4.0, 9.0, 8.0, 12.0 ], "autoUv": false }
													}
												},
												{
													"name": "branch15",
													"from": [ 1.09, 0.25, 1.5 ],
													"to": [ 3.09, 6.25, 3.5 ],
													"uv": [ 34.0, 26.0 ],
													"rotationOrigin": [ 2.09, 0.2537, 2.5 ],
													"rotationX": 30.0,
													"rotationZ": -25.0,
													"faces": {
														"north": { "texture": "#ent-shepherd", "uv": [ 34.0, 28.0, 36.0, 34.0 ] },
														"east": { "texture": "#ent-shepherd", "uv": [ 36.0, 28.0, 38.0, 34.0 ] },
														"south": { "texture": "#ent-shepherd", "uv": [ 38.0, 28.0, 40.0, 34.0 ] },
														"west": { "texture": "#ent-shepherd", "uv": [ 40.0, 28.0, 42.0, 34.0 ] },
														"up": { "texture": "#ent-shepherd", "uv": [ 34.0, 26.0, 36.0, 28.0 ] },
														"down": { "texture": "#ent-shepherd", "uv": [ 36.0, 26.0, 38.0, 28.0 ] }
													},
													"children": [
														{
															"name": "branch16",
															"from": [ 0.2, 5.7, 0.2 ],
															"to": [ 1.7, 10.7, 1.7 ],
															"uv": [ 1.5, 26.0 ],
															"rotationOrigin": [ 1.2, 5.7, 1.2 ],
															"rotationX": 22.0,
															"rotationY": 14.0,
															"rotationZ": 8.0,
															"faces": {
																"north": { "texture": "#ent-shepherd", "uv": [ 1.5, 27.5, 3.0, 32.5 ] },
																"east": { "texture": "#ent-shepherd", "uv": [ 3.0, 27.5, 4.5, 32.5 ] },
																"south": { "texture": "#ent-shepherd", "uv": [ 4.5, 27.5, 6.0, 32.5 ] },
																"west": { "texture": "#ent-shepherd", "uv": [ 6.0, 27.5, 7.5, 32.5 ] },
																"up": { "texture": "#ent-shepherd", "uv": [ 1.5, 26.0, 3.0, 27.5 ] },
																"down": { "texture": "#ent-shepherd", "uv": [ 3.0, 26.0, 4.5, 27.5 ] }
															}
														},
														{
															"name": "branch18",
															"from": [ 0.2, 5.7, 0.2 ],
															"to": [ 1.7, 9.7, 1.7 ],
															"uv": [ 1.5, 26.0 ],
															"rotationOrigin": [ 1.2, 5.7, 1.2 ],
															"rotationX": -53.0,
															"rotationY": -3.0,
															"rotationZ": 8.0,
															"faces": {
																"north": { "texture": "#ent-shepherd", "uv": [ 1.5, 27.5, 3.0, 31.5 ] },
																"east": { "texture": "#ent-shepherd", "uv": [ 3.0, 27.5, 4.5, 31.5 ] },
																"south": { "texture": "#ent-shepherd", "uv": [ 4.5, 27.5, 6.0, 31.5 ] },
																"west": { "texture": "#ent-shepherd", "uv": [ 6.0, 27.5, 7.5, 31.5 ] },
																"up": { "texture": "#ent-shepherd", "uv": [ 1.5, 26.0, 3.0, 27.5 ] },
																"down": { "texture": "#ent-shepherd", "uv": [ 3.0, 26.0, 4.5, 27.5 ] }
															}
														}
													]
												},
												{
													"name": "branch27",
													"from": [ -1.19, 0.75, 2.14 ],
													"to": [ -0.19, 2.75, 3.14 ],
													"uv": [ 34.5, 26.25 ],
													"rotationOrigin": [ -0.39, 0.7472, 2.8373 ],
													"rotationX": 3.0,
													"rotationY": 12.647,
													"rotationZ": -30.131,
													"faces": {
														"north": { "texture": "#ent-shepherd", "uv": [ 34.5, 27.25, 35.5, 29.25 ] },
														"east": { "texture": "#ent-shepherd", "uv": [ 35.5, 27.25, 36.5, 29.25 ] },
														"south": { "texture": "#ent-shepherd", "uv": [ 36.5, 27.25, 37.5, 29.25 ] },
														"west": { "texture": "#ent-shepherd", "uv": [ 37.5, 27.25, 38.5, 29.25 ] },
														"up": { "texture": "#ent-shepherd", "uv": [ 34.5, 26.25, 35.5, 27.25 ] },
														"down": { "texture": "#ent-shepherd", "uv": [ 35.5, 26.25, 36.5, 27.25 ] }
													},
													"children": [
														{
															"name": "branch28",
															"from": [ 0.1916, 1.1383, -0.0876 ],
															"to": [ 1.1916, 4.1383, 0.9124 ],
															"uv": [ 34.5, 26.25 ],
															"rotationOrigin": [ 0.9916, 1.1354, 0.6097 ],
															"rotationY": 5.222,
															"rotationZ": 130.0,
															"faces": {
																"north": { "texture": "#ent-shepherd", "uv": [ 34.5, 27.25, 35.5, 30.25 ] },
																"east": { "texture": "#ent-shepherd", "uv": [ 35.5, 27.25, 36.5, 30.25 ] },
																"south": { "texture": "#ent-shepherd", "uv": [ 36.5, 27.25, 37.5, 30.25 ] },
																"west": { "texture": "#ent-shepherd", "uv": [ 37.5, 27.25, 38.5, 30.25 ] },
																"up": { "texture": "#ent-shepherd", "uv": [ 34.5, 26.25, 35.5, 27.25 ] },
																"down": { "texture": "#ent-shepherd", "uv": [ 35.5, 26.25, 36.5, 27.25 ] }
															}
														}
													]
												},
												{
													"name": "branch29",
													"from": [ -0.69, 3.05, -1.06 ],
													"to": [ 0.31, 6.05, -0.06 ],
													"uv": [ 34.5, 26.25 ],
													"rotationOrigin": [ 0.11, 3.0472, -0.3627 ],
													"rotationX": 11.0,
													"rotationY": 89.0,
													"rotationZ": 72.0,
													"faces": {
														"north": { "texture": "#ent-shepherd", "uv": [ 34.5, 27.25, 35.5, 30.25 ] },
														"east": { "texture": "#ent-shepherd", "uv": [ 35.5, 27.25, 36.5, 30.25 ] },
														"south": { "texture": "#ent-shepherd", "uv": [ 36.5, 27.25, 37.5, 30.25 ] },
														"west": { "texture": "#ent-shepherd", "uv": [ 37.5, 27.25, 38.5, 30.25 ] },
														"up": { "texture": "#ent-shepherd", "uv": [ 34.5, 26.25, 35.5, 27.25 ] },
														"down": { "texture": "#ent-shepherd", "uv": [ 35.5, 26.25, 36.5, 27.25 ] }
													}
												},
												{
													"name": "leaf2",
													"from": [ -2.2, -5.38, -0.6 ],
													"to": [ -2.2, 3.62, 5.4 ],
													"autoUnwrap": false,
													"uv": [ 46.75, 37.75 ],
													"rotationOrigin": [ -2.1963, -5.3813, -0.6 ],
													"rotationZ": -17.0,
													"faces": {
														"north": { "texture": "#ent-shepherd", "uv": [ 63.0, 0.0, 64.0, 1.0 ], "autoUv": false },
														"east": { "texture": "#ent-shepherd", "uv": [ 63.0, 0.0, 64.0, 1.0 ], "autoUv": false },
														"south": { "texture": "#ent-shepherd", "uv": [ 63.0, 0.0, 64.0, 1.0 ], "autoUv": false },
														"west": { "texture": "#ent-shepherd", "uv": [ 21.0, 5.0, 29.0, 14.0 ], "autoUv": false, "windMode": [-1,-1,-1,-1], "windData": [1,1,2,2] },
														"up": { "texture": "#ent-shepherd", "uv": [ 63.0, 0.0, 64.0, 1.0 ], "autoUv": false },
														"down": { "texture": "#ent-shepherd", "uv": [ 63.0, 0.0, 64.0, 1.0 ], "autoUv": false }
													}
												},
												{
													"name": "branch17",
													"from": [ 1.09, 0.25, 1.5 ],
													"to": [ 3.09, 6.25, 3.5 ],
													"uv": [ 34.0, 26.0 ],
													"rotationOrigin": [ 2.09, 0.2537, 2.5 ],
													"rotationX": -28.0,
													"rotationY": -22.0,
													"rotationZ": 14.0,
													"faces": {
														"north": { "texture": "#ent-shepherd", "uv": [ 34.0, 28.0, 36.0, 34.0 ] },
														"east": { "texture": "#ent-shepherd", "uv": [ 36.0, 28.0, 38.0, 34.0 ] },
														"south": { "texture": "#ent-shepherd", "uv": [ 38.0, 28.0, 40.0, 34.0 ] },
														"west": { "texture": "#ent-shepherd", "uv": [ 40.0, 28.0, 42.0, 34.0 ] },
														"up": { "texture": "#ent-shepherd", "uv": [ 34.0, 26.0, 36.0, 28.0 ] },
														"down": { "texture": "#ent-shepherd", "uv": [ 36.0, 26.0, 38.0, 28.0 ] }
													},
													"children": [
														{
															"name": "branch31",
															"from": [ 0.2, 5.7, 0.2 ],
															"to": [ 1.3, 7.7, 1.3 ],
															"uv": [ 1.5, 26.0 ],
															"rotationOrigin": [ 1.2, 5.7, 1.2 ],
															"rotationX": 19.0,
															"rotationY": -3.0,
															"rotationZ": 8.0,
															"faces": {
																"north": { "texture": "#ent-shepherd", "uv": [ 1.5, 27.0, 2.5, 29.0 ] },
																"east": { "texture": "#ent-shepherd", "uv": [ 2.5, 27.0, 3.5, 29.0 ] },
																"south": { "texture": "#ent-shepherd", "uv": [ 3.5, 27.0, 4.5, 29.0 ] },
																"west": { "texture": "#ent-shepherd", "uv": [ 4.5, 27.0, 5.5, 29.0 ] },
																"up": { "texture": "#ent-shepherd", "uv": [ 1.5, 26.0, 2.5, 27.0 ] },
																"down": { "texture": "#ent-shepherd", "uv": [ 2.5, 26.0, 3.5, 27.0 ] }
															}
														}
													]
												},
												{
													"name": "leaf3",
													"from": [ 3.1, -2.58, -3.5 ],
													"to": [ 3.1, 5.42, 4.5 ],
													"autoUnwrap": false,
													"uv": [ 46.75, 37.75 ],
													"rotationOrigin": [ 3.1037, 1.42, 0.5 ],
													"rotationX": -39.0,
													"rotationY": 33.0,
													"rotationZ": 11.0,
													"faces": {
														"north": { "texture": "#ent-shepherd", "uv": [ 63.0, 0.0, 64.0, 1.0 ], "autoUv": false },
														"east": { "texture": "#ent-shepherd", "uv": [ 63.0, 0.0, 64.0, 1.0 ], "autoUv": false },
														"south": { "texture": "#ent-shepherd", "uv": [ 63.0, 0.0, 64.0, 1.0 ], "autoUv": false },
														"west": { "texture": "#ent-shepherd", "uv": [ 55.0, 21.25, 63.0, 29.25 ] },
														"up": { "texture": "#ent-shepherd", "uv": [ 63.0, 0.0, 64.0, 1.0 ], "autoUv": false },
														"down": { "texture": "#ent-shepherd", "uv": [ 63.0, 0.0, 64.0, 1.0 ], "autoUv": false }
													}
												},
												{
													"name": "leaf4",
													"from": [ 3.1, -2.58, -3.5 ],
													"to": [ 3.1, 5.42, 4.5 ],
													"autoUnwrap": false,
													"uv": [ 46.75, 37.75 ],
													"rotationOrigin": [ 3.1037, 1.42, 0.5 ],
													"rotationX": -19.0,
													"rotationY": -30.0,
													"rotationZ": -9.5,
													"faces": {
														"north": { "texture": "#ent-shepherd", "uv": [ 63.0, 0.0, 64.0, 1.0 ], "autoUv": false },
														"east": { "texture": "#ent-shepherd", "uv": [ 63.0, 0.0, 64.0, 1.0 ], "autoUv": false },
														"south": { "texture": "#ent-shepherd", "uv": [ 63.0, 0.0, 64.0, 1.0 ], "autoUv": false },
														"west": { "texture": "#ent-shepherd", "uv": [ 55.0, 21.25, 63.0, 29.25 ] },
														"up": { "texture": "#ent-shepherd", "uv": [ 63.0, 0.0, 64.0, 1.0 ], "autoUv": false },
														"down": { "texture": "#ent-shepherd", "uv": [ 63.0, 0.0, 64.0, 1.0 ], "autoUv": false }
													}
												}
											]
										}
									]
								},
								{
									"name": "R_upperarm",
									"from": [ -0.4772, 4.8925, -5.0 ],
									"to": [ 1.5228, 6.8925, -3.0 ],
									"uv": [ 34.0, 14.0 ],
									"rotationOrigin": [ 0.6828, 5.8956, -3.0 ],
									"rotationX": 28.076,
									"rotationY": -11.031,
									"rotationZ": -19.734,
									"faces": {
										"north": { "texture": "#ent-shepherd", "uv": [ 34.0, 16.0, 36.0, 18.0 ] },
										"east": { "texture": "#ent-shepherd", "uv": [ 36.0, 16.0, 38.0, 18.0 ] },
										"south": { "texture": "#ent-shepherd", "uv": [ 38.0, 16.0, 40.0, 18.0 ] },
										"west": { "texture": "#ent-shepherd", "uv": [ 40.0, 16.0, 42.0, 18.0 ] },
										"up": { "texture": "#ent-shepherd", "uv": [ 34.0, 14.0, 36.0, 16.0 ] },
										"down": { "texture": "#ent-shepherd", "uv": [ 36.0, 14.0, 38.0, 16.0 ] }
									},
									"children": [
										{
											"name": "R_upperarm2",
											"from": [ 0.0, -5.0, -0.1 ],
											"to": [ 2.0, 0.0, 1.9 ],
											"uv": [ 34.0, 18.0 ],
											"rotationOrigin": [ 1.0, -5.0, 0.9 ],
											"rotationY": 22.5,
											"faces": {
												"north": { "texture": "#ent-shepherd", "uv": [ 34.0, 20.0, 36.0, 25.0 ] },
												"east": { "texture": "#ent-shepherd", "uv": [ 36.0, 20.0, 38.0, 25.0 ] },
												"south": { "texture": "#ent-shepherd", "uv": [ 38.0, 20.0, 40.0, 25.0 ] },
												"west": { "texture": "#ent-shepherd", "uv": [ 40.0, 20.0, 42.0, 25.0 ] },
												"up": { "texture": "#ent-shepherd", "uv": [ 34.0, 18.0, 36.0, 20.0 ] },
												"down": { "texture": "#ent-shepherd", "uv": [ 36.0, 18.0, 38.0, 20.0 ] }
											}
										},
										{
											"name": "R_lowerarm1",
											"from": [ 0.1, -12.0, 1.0 ],
											"to": [ 1.1, -5.0, 2.0 ],
											"uv": [ 34.0, 25.0 ],
											"rotationOrigin": [ 1.1, -5.0, 1.0 ],
											"rotationZ": 6.0,
											"faces": {
												"north": { "texture": "#ent-shepherd", "uv": [ 34.0, 26.0, 35.0, 33.0 ] },
												"east": { "texture": "#ent-shepherd", "uv": [ 35.0, 26.0, 36.0, 33.0 ] },
												"south": { "texture": "#ent-shepherd", "uv": [ 36.0, 26.0, 37.0, 33.0 ] },
												"west": { "texture": "#ent-shepherd", "uv": [ 37.0, 26.0, 38.0, 33.0 ] },
												"up": { "texture": "#ent-shepherd", "uv": [ 34.0, 25.0, 35.0, 26.0 ] },
												"down": { "texture": "#ent-shepherd", "uv": [ 35.0, 25.0, 36.0, 26.0 ] }
											},
											"children": [
												{
													"name": "R_lowerarm2",
													"from": [ 1.0, 0.0, -1.3 ],
													"to": [ 2.0, 7.0, -0.3 ],
													"uv": [ 36.0, 25.0 ],
													"rotationOrigin": [ 2.0, 7.0, -1.3 ],
													"faces": {
														"north": { "texture": "#ent-shepherd", "uv": [ 36.0, 26.0, 37.0, 33.0 ] },
														"east": { "texture": "#ent-shepherd", "uv": [ 37.0, 26.0, 38.0, 33.0 ] },
														"south": { "texture": "#ent-shepherd", "uv": [ 38.0, 26.0, 39.0, 33.0 ] },
														"west": { "texture": "#ent-shepherd", "uv": [ 39.0, 26.0, 40.0, 33.0 ] },
														"up": { "texture": "#ent-shepherd", "uv": [ 36.0, 25.0, 37.0, 26.0 ] },
														"down": { "texture": "#ent-shepherd", "uv": [ 37.0, 25.0, 38.0, 26.0 ] }
													}
												},
												{
													"name": "R_hand",
													"from": [ -0.5, -1.8, -0.5 ],
													"to": [ 2.5, 0.2, 0.5 ],
													"uv": [ 34.0, 33.0 ],
													"rotationOrigin": [ 1.1, 0.2, 0.0 ],
													"rotationX": 53.0,
													"rotationZ": -6.0,
													"faces": {
														"north": { "texture": "#ent-shepherd", "uv": [ 34.0, 34.0, 37.0, 36.0 ] },
														"east": { "texture": "#ent-shepherd", "uv": [ 37.0, 34.0, 38.0, 36.0 ] },
														"south": { "texture": "#ent-shepherd", "uv": [ 38.0, 34.0, 41.0, 36.0 ] },
														"west": { "texture": "#ent-shepherd", "uv": [ 41.0, 34.0, 42.0, 36.0 ] },
														"up": { "texture": "#ent-shepherd", "uv": [ 34.0, 33.0, 37.0, 34.0 ] },
														"down": { "texture": "#ent-shepherd", "uv": [ 37.0, 33.0, 40.0, 34.0 ] }
													},
													"children": [
														{
															"name": "R_fingers",
															"from": [ 0.0, -2.0, 0.0 ],
															"to": [ 3.0, 0.0, 1.0 ],
															"uv": [ 34.0, 36.0 ],
															"rotationOrigin": [ 1.6, 0.0, 0.5 ],
															"rotationX": -83.0,
															"faces": {
																"north": { "texture": "#ent-shepherd", "uv": [ 34.0, 37.0, 37.0, 39.0 ] },
																"east": { "texture": "#ent-shepherd", "uv": [ 37.0, 37.0, 38.0, 39.0 ] },
																"south": { "texture": "#ent-shepherd", "uv": [ 38.0, 37.0, 41.0, 39.0 ] },
																"west": { "texture": "#ent-shepherd", "uv": [ 41.0, 37.0, 42.0, 39.0 ] },
																"up": { "texture": "#ent-shepherd", "uv": [ 34.0, 36.0, 37.0, 37.0 ] },
																"down": { "texture": "#ent-shepherd", "uv": [ 37.0, 36.0, 40.0, 37.0 ] }
															}
														},
														{
															"name": "R_thumb",
															"from": [ -0.0248, 0.3938, 0.9606 ],
															"to": [ 0.9752, 2.3938, 1.9606 ],
															"uv": [ 34.0, 39.0 ],
															"rotationOrigin": [ 0.7752, 2.1938, 0.9606 ],
															"rotationX": -53.038,
															"rotationY": -1.795,
															"rotationZ": -2.392,
															"faces": {
																"north": { "texture": "#ent-shepherd", "uv": [ 34.0, 40.0, 35.0, 42.0 ] },
																"east": { "texture": "#ent-shepherd", "uv": [ 35.0, 40.0, 36.0, 42.0 ] },
																"south": { "texture": "#ent-shepherd", "uv": [ 36.0, 40.0, 37.0, 42.0 ] },
																"west": { "texture": "#ent-shepherd", "uv": [ 37.0, 40.0, 38.0, 42.0 ] },
																"up": { "texture": "#ent-shepherd", "uv": [ 34.0, 39.0, 35.0, 40.0 ] },
																"down": { "texture": "#ent-shepherd", "uv": [ 35.0, 39.0, 36.0, 40.0 ] }
															}
														},
														{
															"name": "branch35",
															"from": [ -2.26, -9.98, 0.38 ],
															"to": [ -0.76, 9.22, 1.88 ],
															"autoUnwrap": false,
															"uv": [ 34.0, 18.5 ],
															"rotationOrigin": [ -1.2621, 1.0246, 1.3778 ],
															"rotationX": -172.0,
															"rotationY": 6.0,
															"rotationZ": 91.0,
															"faces": {
																"north": { "texture": "#ent-shepherd", "uv": [ 34.0, 20.0, 35.5, 39.0 ], "windMode": [-1,-1,-1,-1] },
																"east": { "texture": "#ent-shepherd", "uv": [ 37.5, 20.0, 39.0, 39.0 ], "windMode": [-1,-1,-1,-1], "windData": [0,0,1,0] },
																"south": { "texture": "#ent-shepherd", "uv": [ 38.0, 20.0, 39.5, 39.0 ], "windMode": [-1,-1,-1,-1], "windData": [0,0,1,1] },
																"west": { "texture": "#ent-shepherd", "uv": [ 35.5, 20.0, 37.0, 39.0 ], "windMode": [-1,-1,-1,-1], "windData": [0,0,1,0] },
																"up": { "texture": "#ent-shepherd", "uv": [ 34.0, 18.5, 35.5, 20.0 ] },
																"down": { "texture": "#ent-shepherd", "uv": [ 35.5, 18.5, 37.0, 20.0 ] }
															},
															"children": [
																{
																	"name": "branch30",
																	"from": [ -0.3, 18.2, -0.3 ],
																	"to": [ 1.7, 24.2, 1.7 ],
																	"uv": [ 34.0, 26.0 ],
																	"rotationOrigin": [ 0.7, 18.2, 0.7 ],
																	"faces": {
																		"north": { "texture": "#ent-shepherd", "uv": [ 34.0, 28.0, 36.0, 34.0 ] },
																		"east": { "texture": "#ent-shepherd", "uv": [ 36.0, 28.0, 38.0, 34.0 ] },
																		"south": { "texture": "#ent-shepherd", "uv": [ 38.0, 28.0, 40.0, 34.0 ] },
																		"west": { "texture": "#ent-shepherd", "uv": [ 40.0, 28.0, 42.0, 34.0 ] },
																		"up": { "texture": "#ent-shepherd", "uv": [ 34.0, 26.0, 36.0, 28.0 ] },
																		"down": { "texture": "#ent-shepherd", "uv": [ 36.0, 26.0, 38.0, 28.0 ] }
																	},
																	"children": [
																		{
																			"name": "branch32",
																			"from": [ 0.2, 5.7, 0.2 ],
																			"to": [ 1.7, 11.7, 1.7 ],
																			"uv": [ 1.5, 26.0 ],
																			"rotationOrigin": [ 1.2, 5.7, 1.2 ],
																			"rotationX": 33.0,
																			"rotationY": 14.0,
																			"rotationZ": 8.0,
																			"faces": {
																				"north": { "texture": "#ent-shepherd", "uv": [ 1.5, 27.5, 3.0, 33.5 ] },
																				"east": { "texture": "#ent-shepherd", "uv": [ 3.0, 27.5, 4.5, 33.5 ] },
																				"south": { "texture": "#ent-shepherd", "uv": [ 4.5, 27.5, 6.0, 33.5 ] },
																				"west": { "texture": "#ent-shepherd", "uv": [ 6.0, 27.5, 7.5, 33.5 ] },
																				"up": { "texture": "#ent-shepherd", "uv": [ 1.5, 26.0, 3.0, 27.5 ] },
																				"down": { "texture": "#ent-shepherd", "uv": [ 3.0, 26.0, 4.5, 27.5 ] }
																			},
																			"children": [
																				{
																					"name": "branch33",
																					"from": [ 0.2, 5.6, 0.2 ],
																					"to": [ 1.2, 9.6, 1.2 ],
																					"uv": [ 34.5, 26.25 ],
																					"rotationOrigin": [ 1.0, 5.6, 0.9 ],
																					"rotationX": -64.0,
																					"rotationY": 6.0,
																					"rotationZ": -17.0,
																					"faces": {
																						"north": { "texture": "#ent-shepherd", "uv": [ 34.5, 27.25, 35.5, 31.25 ] },
																						"east": { "texture": "#ent-shepherd", "uv": [ 35.5, 27.25, 36.5, 31.25 ] },
																						"south": { "texture": "#ent-shepherd", "uv": [ 36.5, 27.25, 37.5, 31.25 ] },
																						"west": { "texture": "#ent-shepherd", "uv": [ 37.5, 27.25, 38.5, 31.25 ] },
																						"up": { "texture": "#ent-shepherd", "uv": [ 34.5, 26.25, 35.5, 27.25 ] },
																						"down": { "texture": "#ent-shepherd", "uv": [ 35.5, 26.25, 36.5, 27.25 ] }
																					}
																				},
																				{
																					"name": "branch34",
																					"from": [ 1.2, 7.0, -2.8 ],
																					"to": [ 2.2, 11.0, -1.8 ],
																					"uv": [ 34.5, 26.25 ],
																					"rotationOrigin": [ 2.0, 7.0, -2.1 ],
																					"rotationX": -147.0,
																					"rotationY": 6.0,
																					"rotationZ": -17.0,
																					"faces": {
																						"north": { "texture": "#ent-shepherd", "uv": [ 34.5, 27.25, 35.5, 31.25 ] },
																						"east": { "texture": "#ent-shepherd", "uv": [ 35.5, 27.25, 36.5, 31.25 ] },
																						"south": { "texture": "#ent-shepherd", "uv": [ 36.5, 27.25, 37.5, 31.25 ] },
																						"west": { "texture": "#ent-shepherd", "uv": [ 37.5, 27.25, 38.5, 31.25 ] },
																						"up": { "texture": "#ent-shepherd", "uv": [ 34.5, 26.25, 35.5, 27.25 ] },
																						"down": { "texture": "#ent-shepherd", "uv": [ 35.5, 26.25, 36.5, 27.25 ] }
																					}
																				}
																			]
																		}
																	]
																},
																{
																	"name": "branch36",
																	"from": [ 0.2, -10.6, 0.3 ],
																	"to": [ 1.2, 0.4, 1.3 ],
																	"uv": [ 34.0, 26.0 ],
																	"rotationOrigin": [ 1.2, -10.6, 1.3 ],
																	"faces": {
																		"north": { "texture": "#ent-shepherd", "uv": [ 34.0, 27.0, 35.0, 38.0 ] },
																		"east": { "texture": "#ent-shepherd", "uv": [ 35.0, 27.0, 36.0, 38.0 ] },
																		"south": { "texture": "#ent-shepherd", "uv": [ 36.0, 27.0, 37.0, 38.0 ] },
																		"west": { "texture": "#ent-shepherd", "uv": [ 37.0, 27.0, 38.0, 38.0 ] },
																		"up": { "texture": "#ent-shepherd", "uv": [ 34.0, 26.0, 35.0, 27.0 ] },
																		"down": { "texture": "#ent-shepherd", "uv": [ 35.0, 26.0, 36.0, 27.0 ] }
																	}
																}
															]
														}
													]
												}
											]
										}
									]
								},
								{
									"name": "L_upperarm1",
									"from": [ -0.4772, 4.8925, 5.0 ],
									"to": [ 1.5228, 6.8925, 7.0 ],
									"uv": [ 34.0, 14.0 ],
									"rotationOrigin": [ 0.6828, 5.8956, 5.0 ],
									"rotationX": -28.076,
									"rotationY": 11.031,
									"rotationZ": -19.734,
									"faces": {
										"north": { "texture": "#ent-shepherd", "uv": [ 34.0, 16.0, 36.0, 18.0 ] },
										"east": { "texture": "#ent-shepherd", "uv": [ 36.0, 16.0, 38.0, 18.0 ] },
										"south": { "texture": "#ent-shepherd", "uv": [ 38.0, 16.0, 40.0, 18.0 ] },
										"west": { "texture": "#ent-shepherd", "uv": [ 40.0, 16.0, 42.0, 18.0 ] },
										"up": { "texture": "#ent-shepherd", "uv": [ 34.0, 14.0, 36.0, 16.0 ] },
										"down": { "texture": "#ent-shepherd", "uv": [ 36.0, 14.0, 38.0, 16.0 ] }
									},
									"children": [
										{
											"name": "L_upperarm2",
											"from": [ 0.0, -5.0, -0.1 ],
											"to": [ 2.0, 0.0, 1.9 ],
											"uv": [ 34.0, 18.0 ],
											"rotationOrigin": [ 1.0, -5.0, 0.9 ],
											"rotationY": -22.5,
											"faces": {
												"north": { "texture": "#ent-shepherd", "uv": [ 34.0, 20.0, 36.0, 25.0 ] },
												"east": { "texture": "#ent-shepherd", "uv": [ 36.0, 20.0, 38.0, 25.0 ] },
												"south": { "texture": "#ent-shepherd", "uv": [ 38.0, 20.0, 40.0, 25.0 ] },
												"west": { "texture": "#ent-shepherd", "uv": [ 40.0, 20.0, 42.0, 25.0 ] },
												"up": { "texture": "#ent-shepherd", "uv": [ 34.0, 18.0, 36.0, 20.0 ] },
												"down": { "texture": "#ent-shepherd", "uv": [ 36.0, 18.0, 38.0, 20.0 ] }
											}
										},
										{
											"name": "L_lowerarm1",
											"from": [ 0.1, -12.0, 0.0 ],
											"to": [ 1.1, -5.0, 1.0 ],
											"uv": [ 34.0, 25.0 ],
											"rotationOrigin": [ 1.1, -5.0, 1.0 ],
											"rotationZ": 6.0,
											"faces": {
												"north": { "texture": "#ent-shepherd", "uv": [ 34.0, 26.0, 35.0, 33.0 ] },
												"east": { "texture": "#ent-shepherd", "uv": [ 35.0, 26.0, 36.0, 33.0 ] },
												"south": { "texture": "#ent-shepherd", "uv": [ 36.0, 26.0, 37.0, 33.0 ] },
												"west": { "texture": "#ent-shepherd", "uv": [ 37.0, 26.0, 38.0, 33.0 ] },
												"up": { "texture": "#ent-shepherd", "uv": [ 34.0, 25.0, 35.0, 26.0 ] },
												"down": { "texture": "#ent-shepherd", "uv": [ 35.0, 25.0, 36.0, 26.0 ] }
											},
											"children": [
												{
													"name": "L_lowerarm2",
													"from": [ 1.0, 0.0, 1.2 ],
													"to": [ 2.0, 7.0, 2.2 ],
													"uv": [ 38.0, 25.0 ],
													"rotationOrigin": [ 2.0, 7.0, 1.2 ],
													"faces": {
														"north": { "texture": "#ent-shepherd", "uv": [ 38.0, 26.0, 39.0, 33.0 ] },
														"east": { "texture": "#ent-shepherd", "uv": [ 39.0, 26.0, 40.0, 33.0 ] },
														"south": { "texture": "#ent-shepherd", "uv": [ 40.0, 26.0, 41.0, 33.0 ] },
														"west": { "texture": "#ent-shepherd", "uv": [ 41.0, 26.0, 42.0, 33.0 ] },
														"up": { "texture": "#ent-shepherd", "uv": [ 38.0, 25.0, 39.0, 26.0 ] },
														"down": { "texture": "#ent-shepherd", "uv": [ 39.0, 25.0, 40.0, 26.0 ] }
													}
												},
												{
													"name": "L_hand1",
													"from": [ -0.5, -1.8, 0.5 ],
													"to": [ 2.5, 0.2, 1.5 ],
													"uv": [ 34.0, 33.0 ],
													"rotationOrigin": [ 1.1, 0.2, 1.0 ],
													"rotationX": -53.0,
													"rotationZ": -6.0,
													"faces": {
														"north": { "texture": "#ent-shepherd", "uv": [ 34.0, 34.0, 37.0, 36.0 ] },
														"east": { "texture": "#ent-shepherd", "uv": [ 37.0, 34.0, 38.0, 36.0 ] },
														"south": { "texture": "#ent-shepherd", "uv": [ 38.0, 34.0, 41.0, 36.0 ] },
														"west": { "texture": "#ent-shepherd", "uv": [ 41.0, 34.0, 42.0, 36.0 ] },
														"up": { "texture": "#ent-shepherd", "uv": [ 34.0, 33.0, 37.0, 34.0 ] },
														"down": { "texture": "#ent-shepherd", "uv": [ 37.0, 33.0, 40.0, 34.0 ] }
													},
													"children": [
														{
															"name": "L_fingers",
															"from": [ 0.0, -2.0, 0.0 ],
															"to": [ 3.0, 0.0, 1.0 ],
															"uv": [ 34.0, 36.0 ],
															"rotationOrigin": [ 1.6, 0.0, 0.5 ],
															"rotationX": 83.0,
															"faces": {
																"north": { "texture": "#ent-shepherd", "uv": [ 34.0, 37.0, 37.0, 39.0 ] },
																"east": { "texture": "#ent-shepherd", "uv": [ 37.0, 37.0, 38.0, 39.0 ] },
																"south": { "texture": "#ent-shepherd", "uv": [ 38.0, 37.0, 41.0, 39.0 ] },
																"west": { "texture": "#ent-shepherd", "uv": [ 41.0, 37.0, 42.0, 39.0 ] },
																"up": { "texture": "#ent-shepherd", "uv": [ 34.0, 36.0, 37.0, 37.0 ] },
																"down": { "texture": "#ent-shepherd", "uv": [ 37.0, 36.0, 40.0, 37.0 ] }
															}
														},
														{
															"name": "L_thumb",
															"from": [ -0.0248, 0.3938, -0.9606 ],
															"to": [ 0.9752, 2.3938, 0.0394 ],
															"uv": [ 34.0, 39.0 ],
															"rotationOrigin": [ 0.7752, 2.1938, 0.0394 ],
															"rotationX": 52.658,
															"rotationY": 7.783,
															"rotationZ": -2.36,
															"faces": {
																"north": { "texture": "#ent-shepherd", "uv": [ 34.0, 40.0, 35.0, 42.0 ] },
																"east": { "texture": "#ent-shepherd", "uv": [ 35.0, 40.0, 36.0, 42.0 ] },
																"south": { "texture": "#ent-shepherd", "uv": [ 36.0, 40.0, 37.0, 42.0 ] },
																"west": { "texture": "#ent-shepherd", "uv": [ 37.0, 40.0, 38.0, 42.0 ] },
																"up": { "texture": "#ent-shepherd", "uv": [ 34.0, 39.0, 35.0, 40.0 ] },
																"down": { "texture": "#ent-shepherd", "uv": [ 35.0, 39.0, 36.0, 40.0 ] }
															}
														}
													]
												}
											]
										}
									]
								},
								{
									"name": "sternum",
									"from": [ -3.737, 3.84, 0.0 ],
									"to": [ -2.737, 6.84, 2.0 ],
									"uv": [ 0.0, 24.0 ],
									"rotationOrigin": [ -2.7392, 4.3383, 1.0 ],
									"faces": {
										"north": { "texture": "#ent-shepherd", "uv": [ 0.0, 26.0, 1.0, 29.0 ] },
										"east": { "texture": "#ent-shepherd", "uv": [ 1.0, 26.0, 3.0, 29.0 ] },
										"south": { "texture": "#ent-shepherd", "uv": [ 3.0, 26.0, 4.0, 29.0 ] },
										"west": { "texture": "#ent-shepherd", "uv": [ 4.0, 26.0, 6.0, 29.0 ] },
										"up": { "texture": "#ent-shepherd", "uv": [ 0.0, 24.0, 1.0, 26.0 ] },
										"down": { "texture": "#ent-shepherd", "uv": [ 1.0, 24.0, 2.0, 26.0 ] }
									}
								},
								{
									"name": "branch6",
									"from": [ 2.13, 4.78, -1.0 ],
									"to": [ 4.13, 10.78, 1.0 ],
									"uv": [ 34.0, 26.0 ],
									"rotationOrigin": [ 3.1288, 4.7845, 0.0 ],
									"rotationX": -28.0,
									"rotationZ": -15.0,
									"faces": {
										"north": { "texture": "#ent-shepherd", "uv": [ 34.0, 28.0, 36.0, 34.0 ] },
										"east": { "texture": "#ent-shepherd", "uv": [ 36.0, 28.0, 38.0, 34.0 ] },
										"south": { "texture": "#ent-shepherd", "uv": [ 38.0, 28.0, 40.0, 34.0 ] },
										"west": { "texture": "#ent-shepherd", "uv": [ 40.0, 28.0, 42.0, 34.0 ] },
										"up": { "texture": "#ent-shepherd", "uv": [ 34.0, 26.0, 36.0, 28.0 ] },
										"down": { "texture": "#ent-shepherd", "uv": [ 36.0, 26.0, 38.0, 28.0 ] }
									},
									"children": [
										{
											"name": "branch7",
											"from": [ 0.2, 5.7, 0.2 ],
											"to": [ 1.7, 11.7, 1.7 ],
											"uv": [ 1.5, 26.0 ],
											"rotationOrigin": [ 1.2, 5.7, 1.2 ],
											"rotationX": 22.0,
											"rotationY": 14.0,
											"rotationZ": 8.0,
											"faces": {
												"north": { "texture": "#ent-shepherd", "uv": [ 1.5, 27.5, 3.0, 33.5 ] },
												"east": { "texture": "#ent-shepherd", "uv": [ 3.0, 27.5, 4.5, 33.5 ] },
												"south": { "texture": "#ent-shepherd", "uv": [ 4.5, 27.5, 6.0, 33.5 ] },
												"west": { "texture": "#ent-shepherd", "uv": [ 6.0, 27.5, 7.5, 33.5 ] },
												"up": { "texture": "#ent-shepherd", "uv": [ 1.5, 26.0, 3.0, 27.5 ] },
												"down": { "texture": "#ent-shepherd", "uv": [ 3.0, 26.0, 4.5, 27.5 ] }
											},
											"children": [
												{
													"name": "branch8",
													"from": [ 0.2, 5.6, 0.2 ],
													"to": [ 1.2, 10.6, 1.2 ],
													"uv": [ 34.5, 26.25 ],
													"rotationOrigin": [ 1.0, 5.6, 0.9 ],
													"rotationX": -22.0,
													"rotationY": 6.0,
													"rotationZ": -17.0,
													"faces": {
														"north": { "texture": "#ent-shepherd", "uv": [ 34.5, 27.25, 35.5, 32.25 ] },
														"east": { "texture": "#ent-shepherd", "uv": [ 35.5, 27.25, 36.5, 32.25 ] },
														"south": { "texture": "#ent-shepherd", "uv": [ 36.5, 27.25, 37.5, 32.25 ] },
														"west": { "texture": "#ent-shepherd", "uv": [ 37.5, 27.25, 38.5, 32.25 ] },
														"up": { "texture": "#ent-shepherd", "uv": [ 34.5, 26.25, 35.5, 27.25 ] },
														"down": { "texture": "#ent-shepherd", "uv": [ 35.5, 26.25, 36.5, 27.25 ] }
													}
												},
												{
													"name": "branch12",
													"from": [ 0.9, 7.4, -0.5 ],
													"to": [ 1.9, 10.4, 0.5 ],
													"uv": [ 34.5, 26.25 ],
													"rotationOrigin": [ 1.7, 7.4, 0.2 ],
													"rotationX": 61.0,
													"rotationY": 6.0,
													"rotationZ": -17.0,
													"faces": {
														"north": { "texture": "#ent-shepherd", "uv": [ 34.5, 27.25, 35.5, 30.25 ] },
														"east": { "texture": "#ent-shepherd", "uv": [ 35.5, 27.25, 36.5, 30.25 ] },
														"south": { "texture": "#ent-shepherd", "uv": [ 36.5, 27.25, 37.5, 30.25 ] },
														"west": { "texture": "#ent-shepherd", "uv": [ 37.5, 27.25, 38.5, 30.25 ] },
														"up": { "texture": "#ent-shepherd", "uv": [ 34.5, 26.25, 35.5, 27.25 ] },
														"down": { "texture": "#ent-shepherd", "uv": [ 35.5, 26.25, 36.5, 27.25 ] }
													}
												}
											]
										},
										{
											"name": "branch9",
											"from": [ 0.2, 5.7, 0.2 ],
											"to": [ 1.7, 11.7, 1.7 ],
											"uv": [ 1.5, 26.0 ],
											"rotationOrigin": [ 1.2, 5.7, 1.2 ],
											"rotationX": -53.0,
											"rotationY": -3.0,
											"rotationZ": 8.0,
											"faces": {
												"north": { "texture": "#ent-shepherd", "uv": [ 1.5, 27.5, 3.0, 33.5 ] },
												"east": { "texture": "#ent-shepherd", "uv": [ 3.0, 27.5, 4.5, 33.5 ] },
												"south": { "texture": "#ent-shepherd", "uv": [ 4.5, 27.5, 6.0, 33.5 ] },
												"west": { "texture": "#ent-shepherd", "uv": [ 6.0, 27.5, 7.5, 33.5 ] },
												"up": { "texture": "#ent-shepherd", "uv": [ 1.5, 26.0, 3.0, 27.5 ] },
												"down": { "texture": "#ent-shepherd", "uv": [ 3.0, 26.0, 4.5, 27.5 ] }
											},
											"children": [
												{
													"name": "branch10",
													"from": [ 0.2, 5.6, 0.2 ],
													"to": [ 1.2, 8.6, 1.2 ],
													"uv": [ 34.5, 26.25 ],
													"rotationOrigin": [ 1.0, 5.6, 0.9 ],
													"rotationX": 14.0,
													"rotationY": 6.0,
													"rotationZ": -17.0,
													"faces": {
														"north": { "texture": "#ent-shepherd", "uv": [ 34.5, 27.25, 35.5, 30.25 ] },
														"east": { "texture": "#ent-shepherd", "uv": [ 35.5, 27.25, 36.5, 30.25 ] },
														"south": { "texture": "#ent-shepherd", "uv": [ 36.5, 27.25, 37.5, 30.25 ] },
														"west": { "texture": "#ent-shepherd", "uv": [ 37.5, 27.25, 38.5, 30.25 ] },
														"up": { "texture": "#ent-shepherd", "uv": [ 34.5, 26.25, 35.5, 27.25 ] },
														"down": { "texture": "#ent-shepherd", "uv": [ 35.5, 26.25, 36.5, 27.25 ] }
													},
													"children": [
														{
															"name": "twigs4",
															"from": [ 1.62, -4.85, -3.26 ],
															"to": [ 1.62, 3.15, 4.74 ],
															"autoUnwrap": false,
															"uv": [ 46.75, 37.75 ],
															"rotationOrigin": [ 1.6183, -3.9489, 1.7448 ],
															"rotationY": 180.0,
															"rotationZ": 8.0,
															"faces": {
																"north": { "texture": "#ent-shepherd", "uv": [ 63.0, 0.0, 64.0, 1.0 ], "autoUv": false },
																"east": { "texture": "#ent-shepherd", "uv": [ 63.0, 0.0, 64.0, 1.0 ], "autoUv": false },
																"south": { "texture": "#ent-shepherd", "uv": [ 63.0, 0.0, 64.0, 1.0 ], "autoUv": false },
																"west": { "texture": "#ent-shepherd", "uv": [ 21.75, 25.0, 29.75, 33.0 ] },
																"up": { "texture": "#ent-shepherd", "uv": [ 63.0, 0.0, 64.0, 1.0 ], "autoUv": false },
																"down": { "texture": "#ent-shepherd", "uv": [ 63.0, 0.0, 64.0, 1.0 ], "autoUv": false }
															}
														}
													]
												}
											]
										},
										{
											"name": "branch13",
											"from": [ 0.2, 0.7, 0.2 ],
											"to": [ 1.7, 6.7, 1.7 ],
											"uv": [ 1.5, 26.0 ],
											"rotationOrigin": [ 1.2, 0.7, 1.2 ],
											"rotationX": -47.0,
											"rotationY": 14.0,
											"rotationZ": -11.0,
											"faces": {
												"north": { "texture": "#ent-shepherd", "uv": [ 1.5, 27.5, 3.0, 33.5 ] },
												"east": { "texture": "#ent-shepherd", "uv": [ 3.0, 27.5, 4.5, 33.5 ] },
												"south": { "texture": "#ent-shepherd", "uv": [ 4.5, 27.5, 6.0, 33.5 ] },
												"west": { "texture": "#ent-shepherd", "uv": [ 6.0, 27.5, 7.5, 33.5 ] },
												"up": { "texture": "#ent-shepherd", "uv": [ 1.5, 26.0, 3.0, 27.5 ] },
												"down": { "texture": "#ent-shepherd", "uv": [ 3.0, 26.0, 4.5, 27.5 ] }
											},
											"children": [
												{
													"name": "branch14",
													"from": [ 0.2, 5.6, 0.2 ],
													"to": [ 1.2, 8.6, 1.2 ],
													"uv": [ 34.5, 26.25 ],
													"rotationOrigin": [ 1.0, 5.6, 0.9 ],
													"rotationX": 30.0,
													"rotationY": 17.0,
													"rotationZ": -17.0,
													"faces": {
														"north": { "texture": "#ent-shepherd", "uv": [ 34.5, 27.25, 35.5, 30.25 ] },
														"east": { "texture": "#ent-shepherd", "uv": [ 35.5, 27.25, 36.5, 30.25 ] },
														"south": { "texture": "#ent-shepherd", "uv": [ 36.5, 27.25, 37.5, 30.25 ] },
														"west": { "texture": "#ent-shepherd", "uv": [ 37.5, 27.25, 38.5, 30.25 ] },
														"up": { "texture": "#ent-shepherd", "uv": [ 34.5, 26.25, 35.5, 27.25 ] },
														"down": { "texture": "#ent-shepherd", "uv": [ 35.5, 26.25, 36.5, 27.25 ] }
													}
												}
											]
										}
									]
								},
								{
									"name": "branch11",
									"from": [ -0.17, -0.22, 0.0 ],
									"to": [ 1.83, 5.78, 2.0 ],
									"uv": [ 34.0, 26.0 ],
									"rotationOrigin": [ 0.8288, -0.2155, 1.0 ],
									"rotationX": -14.0,
									"rotationY": -3.0,
									"rotationZ": -22.0,
									"faces": {
										"north": { "texture": "#ent-shepherd", "uv": [ 34.0, 28.0, 36.0, 34.0 ] },
										"east": { "texture": "#ent-shepherd", "uv": [ 36.0, 28.0, 38.0, 34.0 ] },
										"south": { "texture": "#ent-shepherd", "uv": [ 38.0, 28.0, 40.0, 34.0 ] },
										"west": { "texture": "#ent-shepherd", "uv": [ 40.0, 28.0, 42.0, 34.0 ] },
										"up": { "texture": "#ent-shepherd", "uv": [ 34.0, 26.0, 36.0, 28.0 ] },
										"down": { "texture": "#ent-shepherd", "uv": [ 36.0, 26.0, 38.0, 28.0 ] }
									}
								},
								{
									"name": "branch19",
									"from": [ -3.87, -0.22, 1.0 ],
									"to": [ -1.87, 5.78, 3.0 ],
									"uv": [ 34.0, 26.0 ],
									"rotationOrigin": [ -2.8712, -0.2155, 2.0 ],
									"rotationX": -3.0,
									"rotationY": 3.0,
									"rotationZ": 6.0,
									"faces": {
										"north": { "texture": "#ent-shepherd", "uv": [ 34.0, 28.0, 36.0, 34.0 ] },
										"east": { "texture": "#ent-shepherd", "uv": [ 36.0, 28.0, 38.0, 34.0 ] },
										"south": { "texture": "#ent-shepherd", "uv": [ 38.0, 28.0, 40.0, 34.0 ] },
										"west": { "texture": "#ent-shepherd", "uv": [ 40.0, 28.0, 42.0, 34.0 ] },
										"up": { "texture": "#ent-shepherd", "uv": [ 34.0, 26.0, 36.0, 28.0 ] },
										"down": { "texture": "#ent-shepherd", "uv": [ 36.0, 26.0, 38.0, 28.0 ] }
									},
									"children": [
										{
											"name": "branch20",
											"from": [ 0.2, 5.7, 0.2 ],
											"to": [ 1.7, 11.7, 1.7 ],
											"uv": [ 1.5, 26.0 ],
											"rotationOrigin": [ 1.2, 5.7, 1.2 ],
											"rotationX": 30.0,
											"rotationY": -25.0,
											"rotationZ": -22.0,
											"faces": {
												"north": { "texture": "#ent-shepherd", "uv": [ 1.5, 27.5, 3.0, 33.5 ] },
												"east": { "texture": "#ent-shepherd", "uv": [ 3.0, 27.5, 4.5, 33.5 ] },
												"south": { "texture": "#ent-shepherd", "uv": [ 4.5, 27.5, 6.0, 33.5 ] },
												"west": { "texture": "#ent-shepherd", "uv": [ 6.0, 27.5, 7.5, 33.5 ] },
												"up": { "texture": "#ent-shepherd", "uv": [ 1.5, 26.0, 3.0, 27.5 ] },
												"down": { "texture": "#ent-shepherd", "uv": [ 3.0, 26.0, 4.5, 27.5 ] }
											},
											"children": [
												{
													"name": "branch21",
													"from": [ 0.2, 5.2, 0.2 ],
													"to": [ 1.2, 8.2, 1.2 ],
													"uv": [ 34.5, 26.25 ],
													"rotationOrigin": [ 1.0, 5.2, 0.9 ],
													"rotationX": -33.0,
													"rotationY": 14.0,
													"rotationZ": -42.0,
													"faces": {
														"north": { "texture": "#ent-shepherd", "uv": [ 34.5, 27.25, 35.5, 30.25 ] },
														"east": { "texture": "#ent-shepherd", "uv": [ 35.5, 27.25, 36.5, 30.25 ] },
														"south": { "texture": "#ent-shepherd", "uv": [ 36.5, 27.25, 37.5, 30.25 ] },
														"west": { "texture": "#ent-shepherd", "uv": [ 37.5, 27.25, 38.5, 30.25 ] },
														"up": { "texture": "#ent-shepherd", "uv": [ 34.5, 26.25, 35.5, 27.25 ] },
														"down": { "texture": "#ent-shepherd", "uv": [ 35.5, 26.25, 36.5, 27.25 ] }
													}
												}
											]
										},
										{
											"name": "branch22",
											"from": [ 0.2, 5.7, 0.2 ],
											"to": [ 1.7, 11.7, 1.7 ],
											"uv": [ 1.5, 26.0 ],
											"rotationOrigin": [ 1.2, 5.7, 1.2 ],
											"rotationX": -53.0,
											"rotationY": 14.0,
											"rotationZ": -17.0,
											"faces": {
												"north": { "texture": "#ent-shepherd", "uv": [ 1.5, 27.5, 3.0, 33.5 ] },
												"east": { "texture": "#ent-shepherd", "uv": [ 3.0, 27.5, 4.5, 33.5 ] },
												"south": { "texture": "#ent-shepherd", "uv": [ 4.5, 27.5, 6.0, 33.5 ] },
												"west": { "texture": "#ent-shepherd", "uv": [ 6.0, 27.5, 7.5, 33.5 ] },
												"up": { "texture": "#ent-shepherd", "uv": [ 1.5, 26.0, 3.0, 27.5 ] },
												"down": { "texture": "#ent-shepherd", "uv": [ 3.0, 26.0, 4.5, 27.5 ] }
											},
											"children": [
												{
													"name": "branch23",
													"from": [ 0.1, 5.3, 0.0 ],
													"to": [ 1.1, 9.3, 1.0 ],
													"uv": [ 34.5, 26.25 ],
													"rotationOrigin": [ 0.9, 5.3, 0.7 ],
													"rotationX": 36.0,
													"rotationY": -8.0,
													"rotationZ": -50.0,
													"faces": {
														"north": { "texture": "#ent-shepherd", "uv": [ 34.5, 27.25, 35.5, 31.25 ] },
														"east": { "texture": "#ent-shepherd", "uv": [ 35.5, 27.25, 36.5, 31.25 ] },
														"south": { "texture": "#ent-shepherd", "uv": [ 36.5, 27.25, 37.5, 31.25 ] },
														"west": { "texture": "#ent-shepherd", "uv": [ 37.5, 27.25, 38.5, 31.25 ] },
														"up": { "texture": "#ent-shepherd", "uv": [ 34.5, 26.25, 35.5, 27.25 ] },
														"down": { "texture": "#ent-shepherd", "uv": [ 35.5, 26.25, 36.5, 27.25 ] }
													}
												}
											]
										}
									]
								}
							]
						},
						{
							"name": "twigs2",
							"from": [ 0.17, -0.05, -2.0 ],
							"to": [ 0.17, 7.95, 6.0 ],
							"autoUnwrap": false,
							"uv": [ 46.75, 37.75 ],
							"rotationOrigin": [ 0.1718, 0.8494, 3.0 ],
							"rotationX": 30.0,
							"rotationY": 6.0,
							"rotationZ": 17.0,
							"faces": {
								"north": { "texture": "#ent-shepherd", "uv": [ 63.0, 0.0, 64.0, 1.0 ], "autoUv": false },
								"east": { "texture": "#ent-shepherd", "uv": [ 63.0, 0.0, 64.0, 1.0 ], "autoUv": false },
								"south": { "texture": "#ent-shepherd", "uv": [ 63.0, 0.0, 64.0, 1.0 ], "autoUv": false },
								"west": { "texture": "#ent-shepherd", "uv": [ 21.75, 25.0, 29.75, 33.0 ] },
								"up": { "texture": "#ent-shepherd", "uv": [ 63.0, 0.0, 64.0, 1.0 ], "autoUv": false },
								"down": { "texture": "#ent-shepherd", "uv": [ 63.0, 0.0, 64.0, 1.0 ], "autoUv": false }
							}
						},
						{
							"name": "twigs3",
							"from": [ 0.17, 1.95, -6.0 ],
							"to": [ 0.17, 9.95, 2.0 ],
							"autoUnwrap": false,
							"uv": [ 46.75, 37.75 ],
							"rotationOrigin": [ 0.1718, 2.85, -1.0 ],
							"rotationX": -22.0,
							"rotationY": 47.0,
							"rotationZ": 17.0,
							"faces": {
								"north": { "texture": "#ent-shepherd", "uv": [ 63.0, 0.0, 64.0, 1.0 ], "autoUv": false },
								"east": { "texture": "#ent-shepherd", "uv": [ 63.0, 0.0, 64.0, 1.0 ], "autoUv": false },
								"south": { "texture": "#ent-shepherd", "uv": [ 63.0, 0.0, 64.0, 1.0 ], "autoUv": false },
								"west": { "texture": "#ent-shepherd", "uv": [ 21.75, 25.0, 29.75, 33.0 ] },
								"up": { "texture": "#ent-shepherd", "uv": [ 63.0, 0.0, 64.0, 1.0 ], "autoUv": false },
								"down": { "texture": "#ent-shepherd", "uv": [ 63.0, 0.0, 64.0, 1.0 ], "autoUv": false }
							}
						}
					]
				},
				{
					"name": "R_upperleg",
					"from": [ 0.0, -1.0, -4.0 ],
					"to": [ 2.0, 1.0, -2.0 ],
					"uv": [ 10.0, 14.0 ],
					"rotationOrigin": [ 1.0, 0.0, -2.0 ],
					"rotationZ": -36.0,
					"faces": {
						"north": { "texture": "#ent-shepherd", "uv": [ 10.0, 16.0, 12.0, 18.0 ] },
						"east": { "texture": "#ent-shepherd", "uv": [ 12.0, 16.0, 14.0, 18.0 ] },
						"south": { "texture": "#ent-shepherd", "uv": [ 14.0, 16.0, 16.0, 18.0 ] },
						"west": { "texture": "#ent-shepherd", "uv": [ 16.0, 16.0, 18.0, 18.0 ] },
						"up": { "texture": "#ent-shepherd", "uv": [ 10.0, 14.0, 12.0, 16.0 ] },
						"down": { "texture": "#ent-shepherd", "uv": [ 12.0, 14.0, 14.0, 16.0 ] }
					},
					"children": [
						{
							"name": "R_upperleg_2",
							"from": [ 0.0, -7.0, -0.1 ],
							"to": [ 2.0, 0.0, 1.9 ],
							"uv": [ 10.0, 18.0 ],
							"rotationOrigin": [ 1.0, -7.0, 0.9 ],
							"rotationY": 22.5,
							"faces": {
								"north": { "texture": "#ent-shepherd", "uv": [ 10.0, 20.0, 12.0, 27.0 ] },
								"east": { "texture": "#ent-shepherd", "uv": [ 12.0, 20.0, 14.0, 27.0 ] },
								"south": { "texture": "#ent-shepherd", "uv": [ 14.0, 20.0, 16.0, 27.0 ] },
								"west": { "texture": "#ent-shepherd", "uv": [ 16.0, 20.0, 18.0, 27.0 ] },
								"up": { "texture": "#ent-shepherd", "uv": [ 10.0, 18.0, 12.0, 20.0 ] },
								"down": { "texture": "#ent-shepherd", "uv": [ 12.0, 18.0, 14.0, 20.0 ] }
							},
							"children": [
								{
									"name": "branch24",
									"from": [ 0.48, 2.1, 0.79 ],
									"to": [ 1.98, 8.1, 2.29 ],
									"uv": [ 1.5, 26.0 ],
									"rotationOrigin": [ 1.4818, 2.1011, 1.7873 ],
									"rotationX": -28.0,
									"rotationY": -26.681,
									"rotationZ": -3.349,
									"faces": {
										"north": { "texture": "#ent-shepherd", "uv": [ 1.5, 27.5, 3.0, 33.5 ] },
										"east": { "texture": "#ent-shepherd", "uv": [ 3.0, 27.5, 4.5, 33.5 ] },
										"south": { "texture": "#ent-shepherd", "uv": [ 4.5, 27.5, 6.0, 33.5 ] },
										"west": { "texture": "#ent-shepherd", "uv": [ 6.0, 27.5, 7.5, 33.5 ] },
										"up": { "texture": "#ent-shepherd", "uv": [ 1.5, 26.0, 3.0, 27.5 ] },
										"down": { "texture": "#ent-shepherd", "uv": [ 3.0, 26.0, 4.5, 27.5 ] }
									},
									"children": [
										{
											"name": "branch25",
											"from": [ 0.2, 5.6, 0.2 ],
											"to": [ 1.2, 8.6, 1.2 ],
											"uv": [ 34.5, 26.25 ],
											"rotationOrigin": [ 1.0, 5.6, 0.9 ],
											"rotationX": -30.0,
											"rotationY": 17.0,
											"rotationZ": -17.0,
											"faces": {
												"north": { "texture": "#ent-shepherd", "uv": [ 34.5, 27.25, 35.5, 30.25 ] },
												"east": { "texture": "#ent-shepherd", "uv": [ 35.5, 27.25, 36.5, 30.25 ] },
												"south": { "texture": "#ent-shepherd", "uv": [ 36.5, 27.25, 37.5, 30.25 ] },
												"west": { "texture": "#ent-shepherd", "uv": [ 37.5, 27.25, 38.5, 30.25 ] },
												"up": { "texture": "#ent-shepherd", "uv": [ 34.5, 26.25, 35.5, 27.25 ] },
												"down": { "texture": "#ent-shepherd", "uv": [ 35.5, 26.25, 36.5, 27.25 ] }
											}
										},
										{
											"name": "branch26",
											"from": [ 0.7, 6.1, -0.7 ],
											"to": [ 1.7, 9.1, 0.3 ],
											"uv": [ 34.5, 26.25 ],
											"rotationOrigin": [ 1.5, 6.1, 0.0 ],
											"rotationX": 39.0,
											"rotationY": 19.0,
											"rotationZ": -17.0,
											"faces": {
												"north": { "texture": "#ent-shepherd", "uv": [ 34.5, 27.25, 35.5, 30.25 ] },
												"east": { "texture": "#ent-shepherd", "uv": [ 35.5, 27.25, 36.5, 30.25 ] },
												"south": { "texture": "#ent-shepherd", "uv": [ 36.5, 27.25, 37.5, 30.25 ] },
												"west": { "texture": "#ent-shepherd", "uv": [ 37.5, 27.25, 38.5, 30.25 ] },
												"up": { "texture": "#ent-shepherd", "uv": [ 34.5, 26.25, 35.5, 27.25 ] },
												"down": { "texture": "#ent-shepherd", "uv": [ 35.5, 26.25, 36.5, 27.25 ] }
											}
										}
									]
								}
							]
						},
						{
							"name": "R_lowerleg",
							"from": [ 0.1, -14.0, 1.0 ],
							"to": [ 1.1, -7.0, 2.0 ],
							"uv": [ 10.0, 27.0 ],
							"rotationOrigin": [ 1.1, -7.0, 1.0 ],
							"rotationZ": 3.0,
							"faces": {
								"north": { "texture": "#ent-shepherd", "uv": [ 10.0, 28.0, 11.0, 35.0 ] },
								"east": { "texture": "#ent-shepherd", "uv": [ 11.0, 28.0, 12.0, 35.0 ] },
								"south": { "texture": "#ent-shepherd", "uv": [ 12.0, 28.0, 13.0, 35.0 ] },
								"west": { "texture": "#ent-shepherd", "uv": [ 13.0, 28.0, 14.0, 35.0 ] },
								"up": { "texture": "#ent-shepherd", "uv": [ 10.0, 27.0, 11.0, 28.0 ] },
								"down": { "texture": "#ent-shepherd", "uv": [ 11.0, 27.0, 12.0, 28.0 ] }
							},
							"children": [
								{
									"name": "R_lowerleg2",
									"from": [ 1.0, 0.0, -1.3 ],
									"to": [ 2.0, 7.0, -0.3 ],
									"uv": [ 14.0, 27.0 ],
									"rotationOrigin": [ 2.0, 7.0, -1.3 ],
									"faces": {
										"north": { "texture": "#ent-shepherd", "uv": [ 14.0, 28.0, 15.0, 35.0 ] },
										"east": { "texture": "#ent-shepherd", "uv": [ 15.0, 28.0, 16.0, 35.0 ] },
										"south": { "texture": "#ent-shepherd", "uv": [ 16.0, 28.0, 17.0, 35.0 ] },
										"west": { "texture": "#ent-shepherd", "uv": [ 17.0, 28.0, 18.0, 35.0 ] },
										"up": { "texture": "#ent-shepherd", "uv": [ 14.0, 27.0, 15.0, 28.0 ] },
										"down": { "texture": "#ent-shepherd", "uv": [ 15.0, 27.0, 16.0, 28.0 ] }
									}
								},
								{
									"name": "R_lowerleg3",
									"from": [ 1.0, -2.3, -0.7 ],
									"to": [ 2.0, 4.7, 0.3 ],
									"uv": [ 14.0, 27.0 ],
									"rotationOrigin": [ 2.0, 4.7, -0.7 ],
									"rotationX": 17.0,
									"rotationY": -11.0,
									"rotationZ": -14.0,
									"faces": {
										"north": { "texture": "#ent-shepherd", "uv": [ 14.0, 28.0, 15.0, 35.0 ] },
										"east": { "texture": "#ent-shepherd", "uv": [ 15.0, 28.0, 16.0, 35.0 ] },
										"south": { "texture": "#ent-shepherd", "uv": [ 16.0, 28.0, 17.0, 35.0 ] },
										"west": { "texture": "#ent-shepherd", "uv": [ 17.0, 28.0, 18.0, 35.0 ] },
										"up": { "texture": "#ent-shepherd", "uv": [ 14.0, 27.0, 15.0, 28.0 ] },
										"down": { "texture": "#ent-shepherd", "uv": [ 15.0, 27.0, 16.0, 28.0 ] }
									}
								},
								{
									"name": "R_lowerleg4",
									"from": [ 1.0, -2.3, -0.7 ],
									"to": [ 2.0, 4.7, 0.3 ],
									"uv": [ 14.0, 27.0 ],
									"rotationOrigin": [ 2.0, 4.7, -0.7 ],
									"rotationX": -25.0,
									"rotationY": -11.0,
									"rotationZ": -14.0,
									"faces": {
										"north": { "texture": "#ent-shepherd", "uv": [ 14.0, 28.0, 15.0, 35.0 ] },
										"east": { "texture": "#ent-shepherd", "uv": [ 15.0, 28.0, 16.0, 35.0 ] },
										"south": { "texture": "#ent-shepherd", "uv": [ 16.0, 28.0, 17.0, 35.0 ] },
										"west": { "texture": "#ent-shepherd", "uv": [ 17.0, 28.0, 18.0, 35.0 ] },
										"up": { "texture": "#ent-shepherd", "uv": [ 14.0, 27.0, 15.0, 28.0 ] },
										"down": { "texture": "#ent-shepherd", "uv": [ 15.0, 27.0, 16.0, 28.0 ] }
									}
								},
								{
									"name": "R_lowerleg5",
									"from": [ 1.0, -2.3, -0.8 ],
									"to": [ 2.0, 4.7, 0.2 ],
									"uv": [ 14.0, 27.0 ],
									"rotationOrigin": [ 2.0, 4.7, -0.8 ],
									"rotationZ": 25.0,
									"faces": {
										"north": { "texture": "#ent-shepherd", "uv": [ 14.0, 28.0, 15.0, 35.0 ] },
										"east": { "texture": "#ent-shepherd", "uv": [ 15.0, 28.0, 16.0, 35.0 ] },
										"south": { "texture": "#ent-shepherd", "uv": [ 16.0, 28.0, 17.0, 35.0 ] },
										"west": { "texture": "#ent-shepherd", "uv": [ 17.0, 28.0, 18.0, 35.0 ] },
										"up": { "texture": "#ent-shepherd", "uv": [ 14.0, 27.0, 15.0, 28.0 ] },
										"down": { "texture": "#ent-shepherd", "uv": [ 15.0, 27.0, 16.0, 28.0 ] }
									}
								}
							]
						}
					]
				},
				{
					"name": "L_upperleg1",
					"from": [ 0.0, -1.0, 2.0 ],
					"to": [ 2.0, 1.0, 4.0 ],
					"uv": [ 10.0, 14.0 ],
					"rotationOrigin": [ 1.0, 0.0, 2.0 ],
					"rotationZ": -36.0,
					"faces": {
						"north": { "texture": "#ent-shepherd", "uv": [ 10.0, 16.0, 12.0, 18.0 ] },
						"east": { "texture": "#ent-shepherd", "uv": [ 12.0, 16.0, 14.0, 18.0 ] },
						"south": { "texture": "#ent-shepherd", "uv": [ 14.0, 16.0, 16.0, 18.0 ] },
						"west": { "texture": "#ent-shepherd", "uv": [ 16.0, 16.0, 18.0, 18.0 ] },
						"up": { "texture": "#ent-shepherd", "uv": [ 10.0, 14.0, 12.0, 16.0 ] },
						"down": { "texture": "#ent-shepherd", "uv": [ 12.0, 14.0, 14.0, 16.0 ] }
					},
					"children": [
						{
							"name": "L_upperleg_2",
							"from": [ 0.0, -7.0, -0.1 ],
							"to": [ 2.0, 0.0, 1.9 ],
							"uv": [ 10.0, 18.0 ],
							"rotationOrigin": [ 1.0, -7.0, 0.9 ],
							"rotationY": -22.5,
							"faces": {
								"north": { "texture": "#ent-shepherd", "uv": [ 10.0, 20.0, 12.0, 27.0 ] },
								"east": { "texture": "#ent-shepherd", "uv": [ 12.0, 20.0, 14.0, 27.0 ] },
								"south": { "texture": "#ent-shepherd", "uv": [ 14.0, 20.0, 16.0, 27.0 ] },
								"west": { "texture": "#ent-shepherd", "uv": [ 16.0, 20.0, 18.0, 27.0 ] },
								"up": { "texture": "#ent-shepherd", "uv": [ 10.0, 18.0, 12.0, 20.0 ] },
								"down": { "texture": "#ent-shepherd", "uv": [ 12.0, 18.0, 14.0, 20.0 ] }
							}
						},
						{
							"name": "L_lowerleg1",
							"from": [ 0.1, -14.0, -0.2 ],
							"to": [ 1.1, -7.0, 0.8 ],
							"uv": [ 10.0, 27.0 ],
							"rotationOrigin": [ 1.1, -7.0, 0.8 ],
							"rotationZ": 3.0,
							"faces": {
								"north": { "texture": "#ent-shepherd", "uv": [ 10.0, 28.0, 11.0, 35.0 ] },
								"east": { "texture": "#ent-shepherd", "uv": [ 11.0, 28.0, 12.0, 35.0 ] },
								"south": { "texture": "#ent-shepherd", "uv": [ 12.0, 28.0, 13.0, 35.0 ] },
								"west": { "texture": "#ent-shepherd", "uv": [ 13.0, 28.0, 14.0, 35.0 ] },
								"up": { "texture": "#ent-shepherd", "uv": [ 10.0, 27.0, 11.0, 28.0 ] },
								"down": { "texture": "#ent-shepherd", "uv": [ 11.0, 27.0, 12.0, 28.0 ] }
							},
							"children": [
								{
									"name": "L_lowerleg2",
									"from": [ 1.0, 0.0, 1.3 ],
									"to": [ 2.0, 7.0, 2.3 ],
									"uv": [ 14.0, 27.0 ],
									"rotationOrigin": [ 2.0, 7.0, 1.3 ],
									"faces": {
										"north": { "texture": "#ent-shepherd", "uv": [ 14.0, 28.0, 15.0, 35.0 ] },
										"east": { "texture": "#ent-shepherd", "uv": [ 15.0, 28.0, 16.0, 35.0 ] },
										"south": { "texture": "#ent-shepherd", "uv": [ 16.0, 28.0, 17.0, 35.0 ] },
										"west": { "texture": "#ent-shepherd", "uv": [ 17.0, 28.0, 18.0, 35.0 ] },
										"up": { "texture": "#ent-shepherd", "uv": [ 14.0, 27.0, 15.0, 28.0 ] },
										"down": { "texture": "#ent-shepherd", "uv": [ 15.0, 27.0, 16.0, 28.0 ] }
									}
								},
								{
									"name": "L_lowerleg3",
									"from": [ 1.0, -3.0, 0.8 ],
									"to": [ 2.0, 4.0, 1.8 ],
									"uv": [ 14.0, 27.0 ],
									"rotationOrigin": [ 2.0, 4.0, 0.8 ],
									"rotationX": -17.0,
									"rotationY": 8.0,
									"rotationZ": -25.0,
									"faces": {
										"north": { "texture": "#ent-shepherd", "uv": [ 14.0, 28.0, 15.0, 35.0 ] },
										"east": { "texture": "#ent-shepherd", "uv": [ 15.0, 28.0, 16.0, 35.0 ] },
										"south": { "texture": "#ent-shepherd", "uv": [ 16.0, 28.0, 17.0, 35.0 ] },
										"west": { "texture": "#ent-shepherd", "uv": [ 17.0, 28.0, 18.0, 35.0 ] },
										"up": { "texture": "#ent-shepherd", "uv": [ 14.0, 27.0, 15.0, 28.0 ] },
										"down": { "texture": "#ent-shepherd", "uv": [ 15.0, 27.0, 16.0, 28.0 ] }
									}
								},
								{
									"name": "L_lowerleg4",
									"from": [ 1.0, -2.1, 0.8 ],
									"to": [ 2.0, 4.9, 1.8 ],
									"uv": [ 14.0, 27.0 ],
									"rotationOrigin": [ 2.0, 4.9, 0.8 ],
									"rotationX": 14.0,
									"rotationY": -19.0,
									"rotationZ": -11.0,
									"faces": {
										"north": { "texture": "#ent-shepherd", "uv": [ 14.0, 28.0, 15.0, 35.0 ] },
										"east": { "texture": "#ent-shepherd", "uv": [ 15.0, 28.0, 16.0, 35.0 ] },
										"south": { "texture": "#ent-shepherd", "uv": [ 16.0, 28.0, 17.0, 35.0 ] },
										"west": { "texture": "#ent-shepherd", "uv": [ 17.0, 28.0, 18.0, 35.0 ] },
										"up": { "texture": "#ent-shepherd", "uv": [ 14.0, 27.0, 15.0, 28.0 ] },
										"down": { "texture": "#ent-shepherd", "uv": [ 15.0, 27.0, 16.0, 28.0 ] }
									}
								},
								{
									"name": "L_lowerleg5",
									"from": [ 1.0, -2.4, 0.7 ],
									"to": [ 2.0, 4.6, 1.7 ],
									"uv": [ 14.0, 27.0 ],
									"rotationOrigin": [ 2.0, 4.6, 0.7 ],
									"rotationZ": 25.0,
									"faces": {
										"north": { "texture": "#ent-shepherd", "uv": [ 14.0, 28.0, 15.0, 35.0 ] },
										"east": { "texture": "#ent-shepherd", "uv": [ 15.0, 28.0, 16.0, 35.0 ] },
										"south": { "texture": "#ent-shepherd", "uv": [ 16.0, 28.0, 17.0, 35.0 ] },
										"west": { "texture": "#ent-shepherd", "uv": [ 17.0, 28.0, 18.0, 35.0 ] },
										"up": { "texture": "#ent-shepherd", "uv": [ 14.0, 27.0, 15.0, 28.0 ] },
										"down": { "texture": "#ent-shepherd", "uv": [ 15.0, 27.0, 16.0, 28.0 ] }
									}
								}
							]
						}
					]
				}
			]
		}
	],
	"animations": [
		{
			"name": "walk",
			"code": "walk",
			"quantityframes": 80,
			"onActivityStopped": "EaseOut",
			"onAnimationEnd": "Repeat",
			"keyframes": [
				{
					"frame": 0,
					"elements": {
						"hips": { "offsetX": 0.0, "offsetY": 0.1, "offsetZ": 0.0, "rotationX": -3.0, "rotationY": 0.0, "rotationZ": 0.0 },
						"L_upperleg1": { "rotationX": 0.0, "rotationY": 0.0, "rotationZ": -22.0 },
						"L_lowerleg1": { "rotationX": 0.0, "rotationY": 0.0, "rotationZ": 22.0 },
						"R_upperleg": { "rotationX": 0.0, "rotationY": 0.0, "rotationZ": 17.0 },
						"R_lowerleg": { "rotationX": 0.0, "rotationY": 0.0, "rotationZ": 0.0 },
						"upper_spine": { "rotationX": -8.0, "rotationY": 0.0, "rotationZ": -6.0 },
						"R_upperarm": { "rotationX": 0.0, "rotationY": 0.0, "rotationZ": -14.0 },
						"R_lowerarm1": { "rotationX": -78.0, "rotationY": 6.0, "rotationZ": -91.0 },
						"R_hand": { "rotationX": -17.0, "rotationY": 0.0, "rotationZ": -69.0 },
						"L_upperarm1": { "rotationX": 0.0, "rotationY": 0.0, "rotationZ": 36.0 },
						"L_lowerarm1": { "rotationX": 0.0, "rotationY": -64.0, "rotationZ": -28.0 },
						"L_hand1": { "rotationX": 0.0, "rotationY": -39.0, "rotationZ": -36.0 }
					}
				},
				{
					"frame": 20,
					"elements": {
						"hips": { "offsetX": 0.0, "offsetY": -0.4, "offsetZ": 0.0 },
						"R_upperarm": { "rotationX": -9.0, "rotationY": 0.0, "rotationZ": -16.75 },
						"R_lowerarm1": { "rotationX": -78.0, "rotationY": 6.0, "rotationZ": -91.0 },
						"L_upperarm1": { "rotationX": 0.0, "rotationY": 0.0, "rotationZ": 23.5 },
						"L_lowerarm1": { "rotationX": 0.0, "rotationY": -64.0, "rotationZ": -28.0 },
						"L_hand1": { "rotationX": 0.0, "rotationY": -39.0, "rotationZ": -36.0 },
						"R_upperleg": { "rotationX": 0.0, "rotationY": 0.0, "rotationZ": -15.28 },
						"R_lowerleg": { "rotationX": 0.0, "rotationY": 0.0, "rotationZ": 66.0 },
						"L_lowerleg1": { "rotationX": 0.0, "rotationY": 0.0, "rotationZ": 19.25 }
					}
				},
				{
					"frame": 30,
					"elements": {
						"hips": { "offsetX": 0.0, "offsetY": -0.4, "offsetZ": 0.0 },
						"L_hand1": { "rotationX": 0.0, "rotationY": -39.0, "rotationZ": -36.0 },
						"R_upperleg": { "rotationX": 0.0, "rotationY": 0.0, "rotationZ": -15.28 }
					}
				},
				{
					"frame": 40,
					"elements": {
						"hips": { "offsetX": 0.0, "offsetY": 0.1, "offsetZ": 0.0, "rotationX": 3.0, "rotationY": 0.0, "rotationZ": 0.0 },
						"upper_spine": { "rotationX": 8.0, "rotationY": 0.0, "rotationZ": 0.0 },
						"R_upperarm": { "rotationX": -19.0, "rotationY": 0.0, "rotationZ": -25.0 },
						"R_lowerarm1": { "rotationX": -78.0, "rotationY": 6.0, "rotationZ": -91.0 },
						"L_upperarm1": { "rotationX": 0.0, "rotationY": 0.0, "rotationZ": -14.0 },
						"L_lowerarm1": { "rotationX": 0.0, "rotationY": -64.0, "rotationZ": -28.0 },
						"L_hand1": { "rotationX": 0.0, "rotationY": -39.0, "rotationZ": -36.0 },
						"R_upperleg": { "rotationX": 0.0, "rotationY": 0.0, "rotationZ": -22.0 },
						"R_lowerleg": { "rotationX": 0.0, "rotationY": 0.0, "rotationZ": 22.0 },
						"L_upperleg1": { "rotationX": 0.0, "rotationY": 0.0, "rotationZ": 17.0 },
						"L_lowerleg1": { "rotationX": 0.0, "rotationY": 0.0, "rotationZ": 0.0 }
					}
				},
				{
					"frame": 59,
					"elements": {
						"hips": { "offsetX": 0.0, "offsetY": -0.4, "offsetZ": 0.0 },
						"L_lowerleg1": { "rotationX": 0.0, "rotationY": 0.0, "rotationZ": 47.0 }
					}
				},
				{
					"frame": 78,
					"elements": {
						"hips": { "offsetX": 0.0, "offsetY": 0.1, "offsetZ": 0.0, "rotationX": -3.0, "rotationY": 0.0, "rotationZ": 0.0 },
						"upper_spine": { "rotationX": -8.0, "rotationY": 0.0, "rotationZ": -6.0 },
						"R_upperarm": { "rotationX": 0.0, "rotationY": 0.0, "rotationZ": -14.0 },
						"R_lowerarm1": { "rotationX": -78.0, "rotationY": 6.0, "rotationZ": -91.0 },
						"L_upperarm1": { "rotationX": 0.0, "rotationY": 0.0, "rotationZ": 36.0 },
						"L_lowerarm1": { "rotationX": 0.0, "rotationY": -64.0, "rotationZ": -28.0 },
						"L_hand1": { "rotationX": 0.0, "rotationY": -39.0, "rotationZ": -36.0 },
						"R_upperleg": { "rotationX": 0.0, "rotationY": 0.0, "rotationZ": 17.0 },
						"R_lowerleg": { "rotationX": 0.0, "rotationY": 0.0, "rotationZ": 0.0 },
						"L_upperleg1": { "rotationX": 0.0, "rotationY": 0.0, "rotationZ": -22.0 },
						"L_lowerleg1": { "rotationX": 0.0, "rotationY": 0.0, "rotationZ": 22.0 }
					}
				}
			]
		},

		{
			"name": "attack",
			"code": "attack",
			"quantityframes": 30,
			"onActivityStopped": "Rewind",
			"onAnimationEnd": "EaseOut",
			"keyframes": [
				{
					"frame": 0,
					"elements": {
						"hips": { "offsetX": 0.0, "offsetY": 0.1, "offsetZ": 0.0, "rotationX": -3.0, "rotationY": 0.0, "rotationZ": 0.0 },
						"L_upperleg1": { "rotationX": 0.0, "rotationY": 0.0, "rotationZ": -22.0 },
						"L_lowerleg1": { "rotationX": 0.0, "rotationY": 0.0, "rotationZ": 22.0 },
						"R_upperleg": { "rotationX": 0.0, "rotationY": 0.0, "rotationZ": 17.0 },
						"R_lowerleg": { "rotationX": 0.0, "rotationY": 0.0, "rotationZ": 0.0 },
						"waist": { "rotationX": 0.0, "rotationY": 0.0, "rotationZ": 0.0 },
						"upper_spine": { "rotationX": -8.0, "rotationY": 0.0, "rotationZ": -6.0 },
						"R_upperarm": { "rotationX": 0.0, "rotationY": 0.0, "rotationZ": -14.0 },
						"R_lowerarm1": { "rotationX": -78.0, "rotationY": 6.0, "rotationZ": -91.0 },
						"R_hand": { "rotationX": -17.0, "rotationY": 0.0, "rotationZ": -69.0 },
						"L_upperarm1": { "rotationX": 0.0, "rotationY": 0.0, "rotationZ": 36.0 },
						"L_lowerarm1": { "rotationX": 0.0, "rotationY": -64.0, "rotationZ": -28.0 },
						"L_hand1": { "rotationX": 0.0, "rotationY": -39.0, "rotationZ": -36.0 },
						"head": { "rotationX": 0.0, "rotationY": 0.0, "rotationZ": 0.0 }
					}
				},
				{
					"frame": 13,
					"elements": {
						"R_upperarm": { "rotationX": 0.0, "rotationY": -53.0, "rotationZ": 0.0 },
						"R_lowerarm1": { "rotationX": -102.0, "rotationY": 8.0, "rotationZ": -94.0 },
						"R_hand": { "rotationX": -17.0, "rotationY": 0.0, "rotationZ": -69.0 },
						"R_lowerleg": { "rotationX": 0.0, "rotationY": 0.0, "rotationZ": 25.0 }
					}
				},
				{
					"frame": 19,
					"elements": {
						"hips": { "offsetX": -2.0, "offsetY": 0.0, "offsetZ": 0.0, "rotationX": 0.0, "rotationY": 0.0, "rotationZ": 11.0 },
						"R_upperarm": { "rotationX": 28.0, "rotationY": -144.0, "rotationZ": -3.0 },
						"R_lowerarm1": { "rotationX": -72.0, "rotationY": -66.0, "rotationZ": -42.0 },
						"L_upperleg1": { "rotationX": 0.0, "rotationY": 0.0, "rotationZ": -28.0 },
						"L_lowerleg1": { "rotationX": 0.0, "rotationY": 0.0, "rotationZ": 25.0 }
					}
				},
				{
					"frame": 22,
					"elements": {
						"R_upperarm": { "rotationX": -14.0, "rotationY": -36.0, "rotationZ": -102.0 },
						"R_hand": { "rotationX": 39.0, "rotationY": 83.0, "rotationZ": 11.0 }
					}
				},
				{
					"frame": 24,
					"elements": {
						"R_upperarm": { "rotationX": -42.0, "rotationY": -6.0, "rotationZ": -89.0 },
						"R_lowerarm1": { "rotationX": -50.0, "rotationY": -8.0, "rotationZ": -22.0 },
						"R_hand": { "rotationX": 39.0, "rotationY": 83.0, "rotationZ": 11.0 }
					}
				},
				{
					"frame": 29,
					"elements": {
						"hips": { "offsetX": -2.0, "offsetY": 0.0, "offsetZ": 0.0, "rotationX": 0.0, "rotationY": 0.0, "rotationZ": 8.0 },
						"waist": { "rotationX": 0.0, "rotationY": 0.0, "rotationZ": 30.0 },
						"upper_spine": { "rotationX": 0.0, "rotationY": 0.0, "rotationZ": 22.0 },
						"head": { "rotationX": 0.0, "rotationY": 0.0, "rotationZ": -30.0 },
						"R_upperarm": { "rotationX": -8.0, "rotationY": 39.0, "rotationZ": -30.0 },
						"R_hand": { "rotationX": -8.0, "rotationY": 100.0, "rotationZ": 25.0 },
						"R_lowerleg": { "rotationX": 0.0, "rotationY": 0.0, "rotationZ": 0.0 }
					}
				}
			]
		},

		{
			"name": "idle",
			"code": "idle",
			"quantityframes": 120,
			"onActivityStopped": "EaseOut",
			"onAnimationEnd": "Repeat",
			"keyframes": [
				{
					"frame": 0,
					"elements": {
						"hips": { "offsetX": 0.0, "offsetY": 0.1, "offsetZ": 0.0, "rotationX": -3.0, "rotationY": 0.0, "rotationZ": 0.0 },
						"L_upperleg1": { "rotationX": 0.0, "rotationY": 0.0, "rotationZ": 0.0 },
						"L_lowerleg1": { "rotationX": 0.0, "rotationY": 0.0, "rotationZ": 11.0 },
						"R_upperleg": { "rotationX": 0.0, "rotationY": 0.0, "rotationZ": 17.0 },
						"R_lowerleg": { "rotationX": 0.0, "rotationY": 0.0, "rotationZ": 0.0 },
						"upper_spine": { "rotationX": -8.0, "rotationY": 0.0, "rotationZ": -6.0 },
						"R_upperarm": { "rotationX": 0.0, "rotationY": 0.0, "rotationZ": -14.0 },
						"R_lowerarm1": { "rotationX": -78.0, "rotationY": 6.0, "rotationZ": -91.0 },
						"R_hand": { "rotationX": -17.0, "rotationY": 0.0, "rotationZ": -69.0 },
						"L_upperarm1": { "rotationX": 0.0, "rotationY": 0.0, "rotationZ": 36.0 },
						"L_lowerarm1": { "rotationX": 0.0, "rotationY": -64.0, "rotationZ": -28.0 },
						"L_hand1": { "rotationX": 0.0, "rotationY": -39.0, "rotationZ": -36.0 }
					}
				},
				{
					"frame": 22,
					"elements": {
						"upper_spine": { "rotationX": 6.0, "rotationY": 0.0, "rotationZ": 0.0 }
					}
				},
				{
					"frame": 30,
					"elements": {
						"hips": { "offsetX": 0.0, "offsetY": 0.1, "offsetZ": 0.0, "rotationX": -3.0, "rotationY": 0.0, "rotationZ": 0.0 },
						"R_upperarm": { "rotationX": 0.0, "rotationY": 0.0, "rotationZ": -14.0 },
						"R_lowerarm1": { "rotationX": -78.0, "rotationY": 6.0, "rotationZ": -91.0 },
						"R_hand": { "rotationX": -17.0, "rotationY": 0.0, "rotationZ": -69.0 },
						"L_upperarm1": { "rotationX": 42.0, "rotationY": 11.0, "rotationZ": -125.0 },
						"L_lowerarm1": { "rotationX": 28.0, "rotationY": -42.0, "rotationZ": -50.0 },
						"L_hand1": { "rotationX": 86.0, "rotationY": 53.0, "rotationZ": -33.0 },
						"R_upperleg": { "rotationX": 0.0, "rotationY": 0.0, "rotationZ": 17.0 },
						"R_lowerleg": { "rotationX": 0.0, "rotationY": 0.0, "rotationZ": 0.0 },
						"L_upperleg1": { "rotationX": 0.0, "rotationY": 0.0, "rotationZ": 0.0 },
						"L_lowerleg1": { "rotationX": 0.0, "rotationY": 0.0, "rotationZ": 11.0 }
					}
				},
				{
					"frame": 50,
					"elements": {
						"upper_spine": { "rotationX": 0.0, "rotationY": -28.0, "rotationZ": 0.0 }
					}
				},
				{
					"frame": 90,
					"elements": {
						"hips": { "offsetX": 0.0, "offsetY": 0.1, "offsetZ": 0.0, "rotationX": -3.0, "rotationY": 0.0, "rotationZ": 0.0 },
						"upper_spine": { "rotationX": 0.0, "rotationY": 28.0, "rotationZ": 0.0 },
						"R_upperarm": { "rotationX": 0.0, "rotationY": 0.0, "rotationZ": -14.0 },
						"R_lowerarm1": { "rotationX": -78.0, "rotationY": 6.0, "rotationZ": -91.0 },
						"R_hand": { "rotationX": -17.0, "rotationY": 0.0, "rotationZ": -69.0 },
						"L_upperarm1": { "rotationX": 42.0, "rotationY": 11.0, "rotationZ": -125.0 },
						"L_lowerarm1": { "rotationX": 28.0, "rotationY": -42.0, "rotationZ": -50.0 },
						"L_hand1": { "rotationX": 86.0, "rotationY": 53.0, "rotationZ": -33.0 },
						"R_upperleg": { "rotationX": 0.0, "rotationY": 0.0, "rotationZ": 17.0 },
						"R_lowerleg": { "rotationX": 0.0, "rotationY": 0.0, "rotationZ": 0.0 },
						"L_upperleg1": { "rotationX": 0.0, "rotationY": 0.0, "rotationZ": 0.0 },
						"L_lowerleg1": { "rotationX": 0.0, "rotationY": 0.0, "rotationZ": 11.0 }
					}
				}
			]
		},

		{
			"name": "death",
			"code": "death",
			"quantityframes": 51,
			"onActivityStopped": "PlayTillEnd",
			"onAnimationEnd": "Hold",
			"keyframes": [
				{
					"frame": 0,
					"elements": {
						"hips": { "offsetX": 0.0, "offsetY": 0.0, "offsetZ": 0.0, "rotationX": 0.0, "rotationY": 0.0, "rotationZ": 0.0 },
						"waist": { "rotationX": 0.0, "rotationY": 0.0, "rotationZ": 0.0 },
						"R_upperarm": { "rotationX": 0.0, "rotationY": 0.0, "rotationZ": 0.0 },
						"R_upperleg": { "rotationX": 0.0, "rotationY": 0.0, "rotationZ": 17.0 },
						"R_lowerleg": { "rotationX": 0.0, "rotationY": 0.0, "rotationZ": 0.0 },
						"L_upperleg1": { "rotationX": 0.0, "rotationY": 0.0, "rotationZ": 14.0 },
						"L_lowerleg1": { "rotationX": 0.0, "rotationY": 0.0, "rotationZ": 0.0 }
					}
				},
				{
					"frame": 16,
					"elements": {
						"waist": { "rotationX": 0.0, "rotationY": 0.0, "rotationZ": 0.0 }
					}
				},
				{
					"frame": 23,
					"elements": {
						"hips": { "offsetX": -5.0, "offsetY": -7.0, "offsetZ": 0.0, "rotationX": 0.0, "rotationY": 0.0, "rotationZ": -14.0 },
						"waist": { "rotationX": 0.0, "rotationY": 0.0, "rotationZ": 44.0 },
						"R_upperarm": { "rotationX": 0.0, "rotationY": 0.0, "rotationZ": 0.0 },
						"R_upperleg": { "rotationX": 0.0, "rotationY": 0.0, "rotationZ": 17.0 },
						"R_lowerleg": { "rotationX": 0.0, "rotationY": 0.0, "rotationZ": 89.0 },
						"L_upperleg1": { "rotationX": 0.0, "rotationY": 0.0, "rotationZ": 14.0 },
						"L_lowerleg1": { "rotationX": 0.0, "rotationY": 0.0, "rotationZ": 97.0 }
					}
				},
				{
					"frame": 29,
					"elements": {
						"R_lowerleg": { "rotationX": 0.0, "rotationY": 0.0, "rotationZ": 89.0 },
						"L_lowerleg1": { "rotationX": 0.0, "rotationY": 0.0, "rotationZ": 97.0 },
						"waist": { "rotationX": 0.0, "rotationY": -19.0, "rotationZ": 44.0 }
					}
				},
				{
					"frame": 32,
					"elements": {
						"hips": { "offsetX": -9.0, "offsetY": -1.0, "offsetZ": 11.0 }
					}
				},
				{
					"frame": 45,
					"elements": {
						"hips": { "offsetX": 0.0, "offsetY": 9.0, "offsetZ": 12.0, "rotationX": 94.0, "rotationY": 8.0, "rotationZ": 36.0 },
						"waist": { "rotationX": 0.0, "rotationY": -19.0, "rotationZ": 44.0 },
						"R_upperarm": { "rotationX": -39.0, "rotationY": 50.0, "rotationZ": -44.0 },
						"R_upperleg": { "rotationX": 0.0, "rotationY": 33.0, "rotationZ": -30.0 },
						"R_lowerleg": { "rotationX": 0.0, "rotationY": 0.0, "rotationZ": 28.0 },
						"L_upperleg1": { "rotationX": 0.0, "rotationY": 0.0, "rotationZ": 14.0 },
						"L_lowerleg1": { "rotationX": 0.0, "rotationY": 0.0, "rotationZ": 97.0 }
					}
				},
				{
					"frame": 50,
					"elements": {
						"hips": { "offsetX": 0.0, "offsetY": 9.0, "offsetZ": 12.0, "rotationX": 94.0, "rotationY": 8.0, "rotationZ": 36.0 },
						"waist": { "rotationX": 0.0, "rotationY": -19.0, "rotationZ": 44.0 },
						"R_upperarm": { "rotationX": -39.0, "rotationY": 50.0, "rotationZ": -44.0 },
						"R_upperleg": { "rotationX": 0.0, "rotationY": 33.0, "rotationZ": -30.0 },
						"R_lowerleg": { "rotationX": 0.0, "rotationY": 0.0, "rotationZ": 28.0 },
						"L_upperleg1": { "rotationX": 0.0, "rotationY": 0.0, "rotationZ": 14.0 },
						"L_lowerleg1": { "rotationX": 0.0, "rotationY": 0.0, "rotationZ": 97.0 }
					}
				}
			]
		}
	]
}