{
	"editor": {
		"allAngles": true,
		"entityTextureMode": true
	},
	"textureWidth": 128,
	"textureHeight": 64,
	"textureSizes": {
		"seraph": [64,64]
	},
	"textures": {},
	"elements": [
		{
			"name": "Body",
			"from": [ 0.0, 0.0, 0.0 ],
			"to": [ 0.0, 0.0, 0.0 ],
			"uv": [ 0.0, -0.5 ],
			"rotationOrigin": [ 8.0, 9.0, 8.0 ],
			"faces": {
				"north": { "texture": "#skin", "uv": [ 0.0, 0.0, 0.5, 0.5 ] },
				"east": { "texture": "#skin", "uv": [ 0.5, 0.0, 1.0, 0.5 ] },
				"south": { "texture": "#skin", "uv": [ 1.0, 0.0, 1.5, 0.5 ] },
				"west": { "texture": "#skin", "uv": [ 1.5, 0.0, 2.0, 0.5 ] },
				"up": { "texture": "#skin", "uv": [ 0.0, -0.5, 0.5, 0.0 ] },
				"down": { "texture": "#skin", "uv": [ 0.5, -0.5, 1.0, 0.0 ] }
			},
			"children": [
				{
					"name": "Abdomen",
					"from": [ 7.5, 8.5, 5.2 ],
					"to": [ 10.5, 13.5, 11.2 ],
					"unwrapMode": 4,
					"uv": [ 0.0, 34.0 ],
					"rotationOrigin": [ 8.5, 10.5, 8.2 ],
					"rotationZ": 3.0,
					"faces": {
						"north": { "texture": "#skin", "uv": [ 0.0, 37.0, 3.0, 42.0 ], "windMode": [-1,-1,-1,-1] },
						"east": { "texture": "#skin", "uv": [ 12.0, 37.0, 18.0, 42.0 ], "windMode": [-1,-1,-1,-1] },
						"south": { "texture": "#skin", "uv": [ 9.0, 37.0, 12.0, 42.0 ], "windMode": [-1,-1,-1,-1] },
						"west": { "texture": "#skin", "uv": [ 3.0, 37.0, 9.0, 42.0 ], "windMode": [-1,-1,-1,-1] },
						"up": { "texture": "#skin", "uv": [ 3.0, 34.0, 9.0, 37.0 ], "rotation": 90, "windMode": [-1,-1,-1,-1] },
						"down": { "texture": "#skin", "uv": [ 3.0, 42.0, 9.0, 45.0 ], "rotation": 90, "windMode": [-1,-1,-1,-1] }
					},
					"children": [
						{
							"name": "UpperTorso",
							"from": [ -0.5, 4.3, -0.1 ],
							"to": [ 3.5, 9.3, 6.1 ],
							"uv": [ 0.0, 25.0 ],
							"rotationOrigin": [ 1.5, 5.0, 3.0 ],
							"rotationZ": 14.0,
							"faces": {
								"north": { "texture": "#skin", "uv": [ 0.0, 29.0, 4.0, 34.0 ] },
								"east": { "texture": "#skin", "uv": [ 4.0, 29.0, 10.0, 34.0 ], "windMode": [-1,-1,-1,-1], "windData": [0,1,1,0] },
								"south": { "texture": "#skin", "uv": [ 10.0, 29.0, 14.0, 34.0 ], "windMode": [-1,-1,-1,-1], "windData": [0,0,1,1] },
								"west": { "texture": "#skin", "uv": [ 14.0, 29.0, 20.0, 34.0 ] },
								"up": { "texture": "#skin", "uv": [ 0.0, 25.0, 6.0, 29.0 ], "rotation": 90 },
								"down": { "texture": "#skin", "uv": [ 6.0, 25.0, 12.0, 29.0 ], "rotation": 90 }
							},
							"children": [
								{
									"name": "Neck",
									"from": [ 0.5, 2.9, 1.6 ],
									"to": [ 3.5, 6.9, 4.6 ],
									"unwrapMode": 4,
									"uv": [ 10.0, 10.0 ],
									"rotationOrigin": [ 2.2, 2.6, 3.1 ],
									"rotationZ": 44.0,
									"faces": {
										"north": { "texture": "#skin", "uv": [ 10.0, 10.0, 13.0, 14.0 ] },
										"east": { "texture": "#skin", "uv": [ 19.0, 10.0, 22.0, 14.0 ] },
										"south": { "texture": "#skin", "uv": [ 16.0, 10.0, 19.0, 14.0 ] },
										"west": { "texture": "#skin", "uv": [ 13.0, 10.0, 16.0, 14.0 ] }
									},
									"children": [
										{
											"name": "Head",
											"from": [ -3.7, 2.0, -1.0 ],
											"to": [ 1.4, 7.1, 4.1 ],
											"unwrapMode": 4,
											"uv": [ 0.0, 10.0 ],
											"rotationOrigin": [ 0.7, 2.0, 1.5 ],
											"rotationZ": -58.0,
											"faces": {
												"north": { "texture": "#skin", "uv": [ 0.0, 15.0, 5.0, 20.0 ] },
												"east": { "texture": "#skin", "uv": [ 15.0, 15.0, 20.0, 20.0 ] },
												"south": { "texture": "#skin", "uv": [ 10.0, 15.0, 15.0, 20.0 ] },
												"west": { "texture": "#skin", "uv": [ 5.0, 15.0, 10.0, 20.0 ] },
												"up": { "texture": "#skin", "uv": [ 5.0, 10.0, 10.0, 15.0 ], "rotation": 90 },
												"down": { "texture": "#skin", "uv": [ 5.0, 20.0, 10.0, 25.0 ], "rotation": 90 }
											},
											"children": [
												{
													"name": "L pupil",
													"from": [ -0.04, 1.9, 3.5 ],
													"to": [ 0.06, 2.6, 4.4 ],
													"unwrapMode": 4,
													"uv": [ 31.5, 11.5 ],
													"rotationOrigin": [ -0.11, 2.05, 3.55 ],
													"faces": {
														"north": { "texture": "#skin", "uv": [ 31.5, 12.0, 32.0, 12.5 ] },
														"south": { "texture": "#skin", "uv": [ 32.5, 12.0, 33.0, 12.5 ] },
														"west": { "texture": "#skin", "uv": [ 32.0, 12.0, 32.5, 12.5 ] },
														"up": { "texture": "#skin", "uv": [ 32.0, 11.5, 32.5, 12.0 ], "rotation": 90 },
														"down": { "texture": "#skin", "uv": [ 32.0, 12.5, 32.5, 13.0 ], "rotation": 90 }
													}
												},
												{
													"name": "R pupil",
													"from": [ -0.04, 1.9, 0.5 ],
													"to": [ 0.06, 2.6, 1.4 ],
													"unwrapMode": 4,
													"uv": [ 30.0, 11.5 ],
													"rotationOrigin": [ -0.11, 1.95, 0.55 ],
													"faces": {
														"north": { "texture": "#skin", "uv": [ 30.0, 12.0, 30.5, 12.5 ] },
														"south": { "texture": "#skin", "uv": [ 31.0, 12.0, 31.5, 12.5 ] },
														"west": { "texture": "#skin", "uv": [ 30.5, 12.0, 31.0, 12.5 ] },
														"up": { "texture": "#skin", "uv": [ 30.5, 11.5, 31.0, 12.0 ], "rotation": 90 },
														"down": { "texture": "#skin", "uv": [ 30.5, 12.5, 31.0, 13.0 ], "rotation": 90 }
													}
												},
												{
													"name": "Mouth",
													"from": [ -0.54, 0.0, 1.1 ],
													"to": [ 1.46, 1.0, 3.9 ],
													"unwrapMode": 4,
													"uv": [ 35.5, 9.5 ],
													"rotationOrigin": [ 1.39, 0.05, 2.55 ],
													"rotationZ": 14.0,
													"faces": {
														"north": { "texture": "#skin", "uv": [ 35.5, 11.5, 37.5, 12.5 ] },
														"south": { "texture": "#skin", "uv": [ 40.0, 11.5, 42.0, 12.5 ] },
														"west": { "texture": "#skin", "uv": [ 37.5, 11.5, 40.0, 12.5 ] },
														"up": { "texture": "#skin", "uv": [ 37.5, 9.5, 40.0, 11.5 ], "rotation": 90 },
														"down": { "texture": "#skin", "uv": [ 37.5, 12.5, 40.0, 14.5 ], "rotation": 90 }
													},
													"children": [
														{
															"name": "L_tooth",
															"from": [ 0.4, 0.8, 2.0 ],
															"to": [ 0.8, 1.8, 2.4 ],
															"unwrapMode": 4,
															"uv": [ 31.5, 13.0 ],
															"rotationOrigin": [ 0.63, 0.95, 2.25 ],
															"rotationX": 25.0,
															"rotationZ": 22.0,
															"faces": {
																"north": { "texture": "#skin", "uv": [ 31.5, 13.5, 32.0, 14.5 ] },
																"south": { "texture": "#skin", "uv": [ 32.5, 13.5, 33.0, 14.5 ] },
																"west": { "texture": "#skin", "uv": [ 32.0, 13.5, 32.5, 14.5 ] },
																"up": { "texture": "#skin", "uv": [ 32.0, 13.0, 32.5, 13.5 ], "rotation": 90 },
																"down": { "texture": "#skin", "uv": [ 32.0, 14.5, 32.5, 15.0 ], "rotation": 90 }
															}
														},
														{
															"name": "R_tooth",
															"from": [ 0.4, 0.8, 0.4 ],
															"to": [ 0.8, 1.8, 0.8 ],
															"unwrapMode": 4,
															"uv": [ 30.0, 13.0 ],
															"rotationOrigin": [ 0.63, 0.95, 0.55 ],
															"rotationX": -28.0,
															"rotationZ": 22.0,
															"faces": {
																"north": { "texture": "#skin", "uv": [ 30.0, 13.5, 30.5, 14.5 ] },
																"south": { "texture": "#skin", "uv": [ 31.0, 13.5, 31.5, 14.5 ] },
																"west": { "texture": "#skin", "uv": [ 30.5, 13.5, 31.0, 14.5 ] },
																"up": { "texture": "#skin", "uv": [ 30.5, 13.0, 31.0, 13.5 ], "rotation": 90 },
																"down": { "texture": "#skin", "uv": [ 30.5, 14.5, 31.0, 15.0 ], "rotation": 90 }
															}
														}
													]
												},
												{
													"name": "R_eyebrow",
													"from": [ -0.14, 2.45, 0.1 ],
													"to": [ -0.04, 2.85, 2.1 ],
													"unwrapMode": 4,
													"uv": [ 29.5, 10.0 ],
													"rotationOrigin": [ -0.21, 2.85, 1.15 ],
													"rotationX": 30.0,
													"faces": {
														"north": { "texture": "#skin", "uv": [ 29.5, 10.5, 30.0, 11.0 ] },
														"south": { "texture": "#skin", "uv": [ 32.0, 10.5, 32.5, 11.0 ] },
														"west": { "texture": "#skin", "uv": [ 30.0, 10.5, 32.0, 11.0 ] },
														"up": { "texture": "#skin", "uv": [ 30.0, 10.0, 32.0, 10.5 ], "rotation": 90 },
														"down": { "texture": "#skin", "uv": [ 30.0, 11.0, 32.0, 11.5 ], "rotation": 90 }
													}
												},
												{
													"name": "L_eyebrow",
													"from": [ -0.14, 2.5, 2.9 ],
													"to": [ -0.04, 2.9, 4.9 ],
													"unwrapMode": 4,
													"uv": [ 32.5, 10.0 ],
													"rotationOrigin": [ -0.21, 2.65, 3.95 ],
													"rotationX": -30.0,
													"faces": {
														"north": { "texture": "#skin", "uv": [ 32.5, 10.5, 33.0, 11.0 ] },
														"south": { "texture": "#skin", "uv": [ 35.0, 10.5, 35.5, 11.0 ] },
														"west": { "texture": "#skin", "uv": [ 33.0, 10.5, 35.0, 11.0 ] },
														"up": { "texture": "#skin", "uv": [ 33.0, 10.0, 35.0, 10.5 ], "rotation": 90 },
														"down": { "texture": "#skin", "uv": [ 33.0, 11.0, 35.0, 11.5 ], "rotation": 90 }
													}
												},
												{
													"name": "Nose",
													"from": [ -1.0, 1.0, 2.0 ],
													"to": [ 0.0, 3.0, 3.0 ],
													"uv": [ 22.0, 18.0 ],
													"rotationOrigin": [ -0.5, 2.0, 2.5 ],
													"rotationZ": -36.0,
													"faces": {
														"north": { "texture": "#skin", "uv": [ 22.0, 19.0, 23.0, 21.0 ] },
														"east": { "texture": "#skin", "uv": [ 23.0, 19.0, 24.0, 21.0 ] },
														"south": { "texture": "#skin", "uv": [ 24.0, 19.0, 25.0, 21.0 ] },
														"west": { "texture": "#skin", "uv": [ 25.0, 19.0, 26.0, 21.0 ] },
														"up": { "texture": "#skin", "uv": [ 22.0, 18.0, 23.0, 19.0 ] },
														"down": { "texture": "#skin", "uv": [ 23.0, 18.0, 24.0, 19.0 ] }
													}
												},
												{
													"name": "L_ear",
													"from": [ 2.0, 3.0, 5.0 ],
													"to": [ 3.0, 4.0, 8.0 ],
													"uv": [ 22.0, 10.0 ],
													"rotationOrigin": [ 2.0, 3.0, 5.0 ],
													"faces": {
														"north": { "texture": "#skin", "uv": [ 22.0, 13.0, 23.0, 14.0 ] },
														"east": { "texture": "#skin", "uv": [ 23.0, 13.0, 26.0, 14.0 ] },
														"south": { "texture": "#skin", "uv": [ 26.0, 13.0, 27.0, 14.0 ] },
														"west": { "texture": "#skin", "uv": [ 27.0, 13.0, 30.0, 14.0 ] },
														"up": { "texture": "#skin", "uv": [ 22.0, 10.0, 23.0, 13.0 ] },
														"down": { "texture": "#skin", "uv": [ 23.0, 10.0, 24.0, 13.0 ] }
													},
													"children": [
														{
															"name": "L_earlobe",
															"from": [ 0.0, -1.0, 0.0 ],
															"to": [ 1.0, 0.0, 1.0 ],
															"uv": [ 24.0, 11.0 ],
															"rotationOrigin": [ 0.0, -1.0, 0.0 ],
															"faces": {
																"north": { "texture": "#skin", "uv": [ 24.0, 12.0, 25.0, 13.0 ] },
																"east": { "texture": "#skin", "uv": [ 25.0, 12.0, 26.0, 13.0 ] },
																"south": { "texture": "#skin", "uv": [ 26.0, 12.0, 27.0, 13.0 ] },
																"west": { "texture": "#skin", "uv": [ 27.0, 12.0, 28.0, 13.0 ] },
																"up": { "texture": "#skin", "uv": [ 24.0, 11.0, 25.0, 12.0 ] },
																"down": { "texture": "#skin", "uv": [ 25.0, 11.0, 26.0, 12.0 ] }
															}
														}
													]
												},
												{
													"name": "R_ear",
													"from": [ 2.0, 3.0, -3.0 ],
													"to": [ 3.0, 4.0, 0.0 ],
													"uv": [ 22.0, 14.0 ],
													"rotationOrigin": [ 2.0, 3.0, 0.0 ],
													"faces": {
														"north": { "texture": "#skin", "uv": [ 22.0, 17.0, 23.0, 18.0 ] },
														"east": { "texture": "#skin", "uv": [ 23.0, 17.0, 26.0, 18.0 ] },
														"south": { "texture": "#skin", "uv": [ 26.0, 17.0, 27.0, 18.0 ] },
														"west": { "texture": "#skin", "uv": [ 27.0, 17.0, 30.0, 18.0 ] },
														"up": { "texture": "#skin", "uv": [ 22.0, 14.0, 23.0, 17.0 ] },
														"down": { "texture": "#skin", "uv": [ 23.0, 14.0, 24.0, 17.0 ] }
													},
													"children": [
														{
															"name": "R_earlobe",
															"from": [ 0.0, -1.0, 2.0 ],
															"to": [ 1.0, 0.0, 3.0 ],
															"uv": [ 24.0, 15.0 ],
															"rotationOrigin": [ 0.0, -1.0, 2.0 ],
															"faces": {
																"north": { "texture": "#skin", "uv": [ 24.0, 16.0, 25.0, 17.0 ] },
																"east": { "texture": "#skin", "uv": [ 25.0, 16.0, 26.0, 17.0 ] },
																"south": { "texture": "#skin", "uv": [ 26.0, 16.0, 27.0, 17.0 ] },
																"west": { "texture": "#skin", "uv": [ 27.0, 16.0, 28.0, 17.0 ] },
																"up": { "texture": "#skin", "uv": [ 24.0, 15.0, 25.0, 16.0 ] },
																"down": { "texture": "#skin", "uv": [ 25.0, 15.0, 26.0, 16.0 ] }
															}
														}
													]
												},
												{
													"name": "fox_head",
													"from": [ -1.4, 3.4, 0.9 ],
													"to": [ 1.1, 6.4, 4.1 ],
													"unwrapMode": 4,
													"uv": [ 32.0, 44.5 ],
													"rotationOrigin": [ 0.8, 5.0, 2.6 ],
													"rotationZ": 14.0,
													"faces": {
														"north": { "texture": "#skin", "uv": [ 32.0, 47.0, 34.5, 50.0 ] },
														"east": { "texture": "#skin", "uv": [ 40.0, 47.0, 43.0, 50.0 ] },
														"south": { "texture": "#skin", "uv": [ 37.5, 47.0, 40.0, 50.0 ] },
														"west": { "texture": "#skin", "uv": [ 34.5, 47.0, 37.5, 50.0 ] },
														"up": { "texture": "#skin", "uv": [ 34.5, 44.5, 37.5, 47.0 ], "rotation": 90 },
														"down": { "texture": "#skin", "uv": [ 34.5, 50.0, 37.5, 52.5 ], "rotation": 90 }
													},
													"children": [
														{
															"name": "fox_mouth",
															"from": [ -1.9, 0.7, 0.9 ],
															"to": [ 0.6, 1.7, 2.4 ],
															"unwrapMode": 5,
															"unwrapRotation": 1,
															"uv": [ 58.5, 48.0 ],
															"rotationOrigin": [ 0.0, 1.7, 1.6 ],
															"rotationZ": 27.0,
															"faces": {
																"north": { "texture": "#skin", "uv": [ 58.5, 48.0, 59.5, 50.5 ], "rotation": 270 },
																"south": { "texture": "#skin", "uv": [ 61.0, 48.0, 62.0, 50.5 ], "rotation": 90 },
																"west": { "texture": "#skin", "uv": [ 59.5, 50.5, 61.0, 51.5 ] },
																"up": { "texture": "#skin", "uv": [ 59.5, 48.0, 61.0, 50.5 ], "rotation": 90 },
																"down": { "texture": "#skin", "uv": [ 62.0, 48.0, 63.5, 50.5 ], "rotation": 270 }
															},
															"children": [
																{
																	"name": "fox_jaw",
																	"from": [ 0.2, -0.6, 0.2 ],
																	"to": [ 2.2, 0.1, 1.2 ],
																	"unwrapMode": 5,
																	"unwrapRotation": 1,
																	"uv": [ 59.5, 57.0 ],
																	"rotationOrigin": [ 1.8, -0.3, 0.7 ],
																	"rotationZ": -16.0,
																	"faces": {
																		"north": { "texture": "#skin", "uv": [ 59.5, 57.0, 60.0, 59.0 ], "rotation": 270 },
																		"south": { "texture": "#skin", "uv": [ 61.0, 57.0, 61.5, 59.0 ], "rotation": 90 },
																		"west": { "texture": "#skin", "uv": [ 60.0, 59.0, 61.0, 59.5 ] },
																		"up": { "texture": "#skin", "uv": [ 60.0, 57.0, 61.0, 59.0 ], "rotation": 90 },
																		"down": { "texture": "#skin", "uv": [ 61.5, 57.0, 62.5, 59.0 ], "rotation": 270 }
																	}
																},
																{
																	"name": "fox_nose",
																	"from": [ -0.1, 0.6, 0.5 ],
																	"to": [ 0.4, 1.1, 1.0 ],
																	"unwrapMode": 4,
																	"uv": [ 31.5, 32.0 ],
																	"rotationOrigin": [ 0.0, -0.1, 0.0 ],
																	"faces": {
																		"north": { "texture": "#skin", "uv": [ 31.5, 32.5, 32.0, 33.0 ] },
																		"east": { "texture": "#skin", "uv": [ 33.0, 32.5, 33.5, 33.0 ] },
																		"south": { "texture": "#skin", "uv": [ 32.5, 32.5, 33.0, 33.0 ] },
																		"west": { "texture": "#skin", "uv": [ 32.0, 32.5, 32.5, 33.0 ] },
																		"up": { "texture": "#skin", "uv": [ 32.0, 32.0, 32.5, 32.5 ], "rotation": 90 },
																		"down": { "texture": "#skin", "uv": [ 32.0, 33.0, 32.5, 33.5 ], "rotation": 90 }
																	}
																}
															]
														},
														{
															"name": "fox_L_ear",
															"from": [ 1.0, 2.3, 1.7 ],
															"to": [ 1.5, 4.3, 3.2 ],
															"unwrapMode": 4,
															"uv": [ 45.5, 32.0 ],
															"rotationOrigin": [ 1.3, 2.3, 2.5 ],
															"rotationX": 30.0,
															"rotationY": 25.0,
															"faces": {
																"north": { "texture": "#skin", "uv": [ 45.5, 32.5, 46.0, 34.5 ] },
																"east": { "texture": "#skin", "uv": [ 48.0, 32.5, 49.5, 34.5 ] },
																"south": { "texture": "#skin", "uv": [ 47.5, 32.5, 48.0, 34.5 ] },
																"west": { "texture": "#skin", "uv": [ 46.0, 32.5, 47.5, 34.5 ] },
																"up": { "texture": "#skin", "uv": [ 46.0, 32.0, 47.5, 32.5 ], "rotation": 90 },
																"down": { "texture": "#skin", "uv": [ 46.0, 34.5, 47.5, 35.0 ], "rotation": 90 }
															}
														},
														{
															"name": "fox_R_ear",
															"from": [ 1.1, 2.3, 0.1 ],
															"to": [ 1.6, 4.3, 1.6 ],
															"unwrapMode": 4,
															"uv": [ 41.5, 32.0 ],
															"rotationOrigin": [ 1.4, 2.3, 0.7 ],
															"rotationX": -30.0,
															"rotationY": -25.0,
															"faces": {
																"north": { "texture": "#skin", "uv": [ 41.5, 32.5, 42.0, 34.5 ] },
																"east": { "texture": "#skin", "uv": [ 44.0, 32.5, 45.5, 34.5 ] },
																"south": { "texture": "#skin", "uv": [ 43.5, 32.5, 44.0, 34.5 ] },
																"west": { "texture": "#skin", "uv": [ 42.0, 32.5, 43.5, 34.5 ] },
																"up": { "texture": "#skin", "uv": [ 42.0, 32.0, 43.5, 32.5 ], "rotation": 90 },
																"down": { "texture": "#skin", "uv": [ 42.0, 34.5, 43.5, 35.0 ], "rotation": 90 }
															}
														},
														{
															"name": "Head2",
															"from": [ 0.68, -3.92, -1.1 ],
															"to": [ 6.08, 1.38, 4.4 ],
															"unwrapMode": 4,
															"autoUnwrap": false,
															"uv": [ 103.0, 23.0 ],
															"rotationOrigin": [ 5.0835, -0.92, 1.4 ],
															"rotationZ": -14.0,
															"faces": {
																"north": { "texture": "#skin", "uv": [ 103.0, 28.0, 108.0, 33.0 ] },
																"east": { "texture": "#skin", "uv": [ 118.0, 28.0, 123.0, 33.0 ], "autoUv": false },
																"south": { "texture": "#skin", "uv": [ 113.0, 28.0, 118.0, 33.0 ] },
																"west": { "texture": "#skin", "uv": [ 108.0, 28.0, 113.0, 33.0 ], "autoUv": false },
																"up": { "texture": "#skin", "uv": [ 108.0, 23.0, 113.0, 28.0 ], "rotation": 90, "autoUv": false },
																"down": { "texture": "#skin", "uv": [ 108.0, 33.0, 113.0, 38.0 ], "rotation": 90, "autoUv": false }
															}
														}
													]
												}
											],
											"attachmentpoints": [
												{
													"code": "Eyes",
													"posX": "1.3","posY": "3.5","posZ": "2.5",
													"rotationX": "0.0","rotationY": "-90.0","rotationZ": "0.0"
												}
											]
										}
									]
								},
								{
									"name": "R_shoulder",
									"from": [ 0.0, 0.0, 0.0 ],
									"to": [ 0.0, 0.0, 0.0 ],
									"uv": [ 0.0, 0.0 ],
									"rotationOrigin": [ 1.0, 4.0, 0.0 ],
									"faces": {
										"north": { "texture": "#skin", "uv": [ 0.0, 0.5, 0.5, 1.0 ] },
										"east": { "texture": "#skin", "uv": [ 0.5, 0.5, 1.0, 1.0 ] },
										"south": { "texture": "#skin", "uv": [ 1.0, 0.5, 1.5, 1.0 ] },
										"west": { "texture": "#skin", "uv": [ 1.5, 0.5, 2.0, 1.0 ] },
										"up": { "texture": "#skin", "uv": [ 0.0, 0.0, 0.5, 0.5 ] },
										"down": { "texture": "#skin", "uv": [ 0.5, 0.0, 1.0, 0.5 ] }
									},
									"children": [
										{
											"name": "R_upper_arm",
											"from": [ 0.0, -0.1, -1.7 ],
											"to": [ 2.7, 4.9, 0.3 ],
											"unwrapMode": 4,
											"uv": [ 22.0, 0.0 ],
											"rotationOrigin": [ 1.0, 4.7, 0.3 ],
											"rotationX": 25.0,
											"rotationZ": -22.0,
											"faces": {
												"north": { "texture": "#skin", "uv": [ 22.0, 2.5, 24.5, 7.5 ] },
												"east": { "texture": "#skin", "uv": [ 29.0, 2.5, 31.0, 7.5 ] },
												"south": { "texture": "#skin", "uv": [ 26.5, 2.5, 29.0, 7.5 ] },
												"west": { "texture": "#skin", "uv": [ 24.5, 2.5, 26.5, 7.5 ] },
												"up": { "texture": "#skin", "uv": [ 24.5, 0.0, 26.5, 2.5 ], "rotation": 90 },
												"down": { "texture": "#skin", "uv": [ 24.5, 7.5, 26.5, 10.0 ], "rotation": 90 }
											},
											"children": [
												{
													"name": "R_lower_arm",
													"from": [ 0.1, -4.7, 0.0 ],
													"to": [ 2.6, 0.3, 2.0 ],
													"unwrapMode": 4,
													"uv": [ 31.0, 0.0 ],
													"rotationOrigin": [ 1.3, 0.3, 1.0 ],
													"rotationX": -8.0,
													"rotationZ": -6.0,
													"faces": {
														"north": { "texture": "#skin", "uv": [ 31.0, 2.5, 33.5, 7.5 ] },
														"east": { "texture": "#skin", "uv": [ 38.0, 2.5, 40.0, 7.5 ] },
														"south": { "texture": "#skin", "uv": [ 35.5, 2.5, 38.0, 7.5 ] },
														"west": { "texture": "#skin", "uv": [ 33.5, 2.5, 35.5, 7.5 ] },
														"up": { "texture": "#skin", "uv": [ 33.5, 0.0, 35.5, 2.5 ], "rotation": 90 },
														"down": { "texture": "#skin", "uv": [ 33.5, 7.5, 35.5, 10.0 ], "rotation": 90 }
													},
													"attachmentpoints": [
														{
															"code": "R_Hand",
															"posX": "1.0","posY": "1.0","posZ": "1.0",
															"rotationX": "0.0","rotationY": "-180.0","rotationZ": "0.0"
														}
													]
												},
												{
													"name": "ArmorUpperArmR",
													"stepParentName": "UpperArmR",
													"from": [ -0.36, -2.1, -0.28 ],
													"to": [ 2.94, 5.3, 2.12 ],
													"autoUnwrap": false,
													"uv": [ 100.0, 0.0 ],
													"rotationOrigin": [ -0.3508, -2.0947, -0.2722 ],
													"rotationY": -3.0,
													"rotationZ": -3.0,
													"faces": {
														"north": { "texture": "#skin", "uv": [ 100.0, 2.0, 103.0, 9.0 ] },
														"east": { "texture": "#skin", "uv": [ 103.0, 2.0, 105.0, 9.0 ] },
														"south": { "texture": "#skin", "uv": [ 105.0, 2.0, 108.0, 9.0 ] },
														"west": { "texture": "#skin", "uv": [ 108.0, 2.0, 110.0, 9.0 ] },
														"up": { "texture": "#skin", "uv": [ 100.0, 0.0, 103.0, 2.0 ], "rotation": 180 },
														"down": { "texture": "#skin", "uv": [ 103.0, 0.0, 106.0, 2.0 ], "windMode": [-1,-1,-1,-1] }
													}
												}
											]
										}
									]
								},
								{
									"name": "L_shoulder",
									"from": [ 0.0, 0.0, 0.0 ],
									"to": [ 0.0, 0.0, 0.0 ],
									"uv": [ 0.0, 0.0 ],
									"rotationOrigin": [ 1.0, 4.0, 6.0 ],
									"faces": {
										"north": { "texture": "#skin", "uv": [ 0.0, 0.5, 0.5, 1.0 ] },
										"east": { "texture": "#skin", "uv": [ 0.5, 0.5, 1.0, 1.0 ] },
										"south": { "texture": "#skin", "uv": [ 1.0, 0.5, 1.5, 1.0 ] },
										"west": { "texture": "#skin", "uv": [ 1.5, 0.5, 2.0, 1.0 ] },
										"up": { "texture": "#skin", "uv": [ 0.0, 0.0, 0.5, 0.5 ] },
										"down": { "texture": "#skin", "uv": [ 0.5, 0.0, 1.0, 0.5 ] }
									},
									"children": [
										{
											"name": "L_upper_arm",
											"from": [ 0.0, -0.1, 5.8 ],
											"to": [ 2.7, 4.9, 7.8 ],
											"unwrapMode": 4,
											"uv": [ 40.0, 0.0 ],
											"rotationOrigin": [ 1.0, 4.7, 5.6 ],
											"rotationX": -25.0,
											"rotationZ": -25.0,
											"faces": {
												"north": { "texture": "#skin", "uv": [ 40.0, 2.5, 42.5, 7.5 ] },
												"east": { "texture": "#skin", "uv": [ 47.0, 2.5, 49.0, 7.5 ] },
												"south": { "texture": "#skin", "uv": [ 44.5, 2.5, 47.0, 7.5 ] },
												"west": { "texture": "#skin", "uv": [ 42.5, 2.5, 44.5, 7.5 ] },
												"up": { "texture": "#skin", "uv": [ 42.5, 0.0, 44.5, 2.5 ], "rotation": 90 },
												"down": { "texture": "#skin", "uv": [ 42.5, 7.5, 44.5, 10.0 ], "rotation": 90 }
											},
											"children": [
												{
													"name": "L_lower_arm",
													"from": [ 0.2, -4.7, 0.0 ],
													"to": [ 2.7, 0.3, 2.0 ],
													"unwrapMode": 4,
													"uv": [ 49.0, 0.0 ],
													"rotationOrigin": [ 1.4, 0.3, 1.0 ],
													"rotationX": 8.0,
													"rotationZ": -6.0,
													"faces": {
														"north": { "texture": "#skin", "uv": [ 49.0, 2.5, 51.5, 7.5 ] },
														"east": { "texture": "#skin", "uv": [ 56.0, 2.5, 58.0, 7.5 ] },
														"south": { "texture": "#skin", "uv": [ 53.5, 2.5, 56.0, 7.5 ] },
														"west": { "texture": "#skin", "uv": [ 51.5, 2.5, 53.5, 7.5 ] },
														"up": { "texture": "#skin", "uv": [ 51.5, 0.0, 53.5, 2.5 ], "rotation": 90 },
														"down": { "texture": "#skin", "uv": [ 51.5, 7.5, 53.5, 10.0 ], "rotation": 90 }
													},
													"children": [
														{
															"name": "handle",
															"from": [ 3.85, 3.48, -1.73 ],
															"to": [ 17.85, 4.48, -0.73 ],
															"uv": [ 65.5, 55.5 ],
															"rotationOrigin": [ 4.3516, 2.0844, -2.2294 ],
															"rotationX": -59.154,
															"rotationY": -2.428,
															"rotationZ": -163.511,
															"faces": {
																"north": { "texture": "#skin", "uv": [ 65.5, 56.5, 79.5, 57.5 ] },
																"east": { "texture": "#skin", "uv": [ 79.5, 56.5, 80.5, 57.5 ] },
																"south": { "texture": "#skin", "uv": [ 80.5, 56.5, 94.5, 57.5 ] },
																"west": { "texture": "#skin", "uv": [ 94.5, 56.5, 95.5, 57.5 ] },
																"up": { "texture": "#skin", "uv": [ 65.5, 55.5, 79.5, 56.5 ] },
																"down": { "texture": "#skin", "uv": [ 79.5, 55.5, 93.5, 56.5 ] }
															},
															"children": [
																{
																	"name": "Cube4",
																	"from": [ 11.6, -0.1, -0.5 ],
																	"to": [ 13.6, 1.1, 1.5 ],
																	"uv": [ 3.0, 51.0 ],
																	"rotationOrigin": [ 11.6, -0.1, -0.5 ],
																	"faces": {
																		"north": { "texture": "#skin", "uv": [ 3.0, 53.0, 5.0, 54.0 ] },
																		"east": { "texture": "#skin", "uv": [ 5.0, 53.0, 7.0, 54.0 ] },
																		"south": { "texture": "#skin", "uv": [ 7.0, 53.0, 9.0, 54.0 ] },
																		"west": { "texture": "#skin", "uv": [ 9.0, 53.0, 11.0, 54.0 ] },
																		"up": { "texture": "#skin", "uv": [ 3.0, 51.0, 5.0, 53.0 ] },
																		"down": { "texture": "#skin", "uv": [ 5.0, 51.0, 7.0, 53.0 ] }
																	},
																	"children": [
																		{
																			"name": "Cube1",
																			"from": [ -0.5, 0.1, -3.0 ],
																			"to": [ 2.5, 1.1, 0.0 ],
																			"uv": [ 14.5, 54.5 ],
																			"rotationOrigin": [ 0.5, 0.1, 0.0 ],
																			"faces": {
																				"north": { "texture": "#skin", "uv": [ 14.5, 57.5, 17.5, 58.5 ] },
																				"east": { "texture": "#skin", "uv": [ 17.5, 57.5, 20.5, 58.5 ] },
																				"south": { "texture": "#skin", "uv": [ 20.5, 57.5, 23.5, 58.5 ] },
																				"west": { "texture": "#skin", "uv": [ 23.5, 57.5, 26.5, 58.5 ] },
																				"up": { "texture": "#skin", "uv": [ 14.5, 54.5, 17.5, 57.5 ] },
																				"down": { "texture": "#skin", "uv": [ 17.5, 54.5, 20.5, 57.5 ] }
																			}
																		}
																	]
																}
															]
														}
													],
													"attachmentpoints": [
														{
															"code": "L_Hand",
															"posX": "1.0","posY": "1.0","posZ": "1.0",
															"rotationX": "0.0","rotationY": "-180.0","rotationZ": "0.0"
														}
													]
												},
												{
													"name": "ArmorUpperArmL",
													"stepParentName": "UpperArmL",
													"from": [ -0.44, -2.22, -0.01 ],
													"to": [ 2.86, 5.18, 2.39 ],
													"autoUnwrap": false,
													"uv": [ 90.0, 0.0 ],
													"rotationOrigin": [ -0.4397, -2.2151, -0.01 ],
													"rotationY": 3.0,
													"faces": {
														"north": { "texture": "#skin", "uv": [ 90.0, 2.0, 93.0, 9.0 ] },
														"east": { "texture": "#skin", "uv": [ 93.0, 2.0, 95.0, 9.0 ] },
														"south": { "texture": "#skin", "uv": [ 95.0, 2.0, 98.0, 9.0 ] },
														"west": { "texture": "#skin", "uv": [ 98.0, 2.0, 100.0, 9.0 ] },
														"up": { "texture": "#skin", "uv": [ 90.0, 0.0, 93.0, 2.0 ] },
														"down": { "texture": "#skin", "uv": [ 93.0, 0.0, 96.0, 2.0 ], "windMode": [-1,-1,-1,-1] }
													}
												}
											]
										}
									]
								},
								{
									"name": "ArmorUpperTorso",
									"stepParentName": "UpperTorso",
									"from": [ -0.4, 0.09, -0.2 ],
									"to": [ 4.2, 5.19, 6.6 ],
									"autoUnwrap": false,
									"uv": [ 64.0, 0.0 ],
									"rotationOrigin": [ -0.4045, 0.0899, -0.2 ],
									"faces": {
										"north": { "texture": "#skin", "uv": [ 64.5, 6.5, 69.0, 11.5 ] },
										"east": { "texture": "#skin", "uv": [ 69.0, 6.5, 75.5, 11.5 ] },
										"south": { "texture": "#skin", "uv": [ 76.0, 6.5, 80.5, 11.5 ] },
										"west": { "texture": "#skin", "uv": [ 81.0, 6.5, 87.5, 11.5 ] },
										"up": { "texture": "#skin", "uv": [ 64.5, 0.0, 69.0, 6.5 ] },
										"down": { "texture": "#skin", "uv": [ 69.5, 0.0, 74.0, 6.5 ] }
									},
									"children": [
										{
											"name": "ArmorCoatR",
											"stepParentName": "UpperFootR",
											"from": [ -0.2422, -1.72, -0.35 ],
											"to": [ 4.7578, 5.28, 3.15 ],
											"autoUnwrap": false,
											"uv": [ 82.0, 24.5 ],
											"rotationOrigin": [ -0.2422, -1.72, -0.5 ],
											"faces": {
												"north": { "texture": "#skin", "uv": [ 82.5, 28.0, 87.5, 35.0 ] },
												"east": { "texture": "#skin", "uv": [ 87.5, 28.0, 91.0, 35.0 ] },
												"south": { "texture": "#skin", "uv": [ 91.5, 28.0, 96.5, 35.0 ] },
												"west": { "texture": "#skin", "uv": [ 96.5, 28.0, 100.0, 35.0 ] },
												"up": { "texture": "#skin", "uv": [ 82.5, 25.0, 87.5, 28.5 ] },
												"down": { "texture": "#skin", "uv": [ 89.0, 24.5, 94.0, 28.0 ] }
											}
										},
										{
											"name": "ArmorCoatL",
											"stepParentName": "UpperFootL",
											"from": [ -0.412, -1.5746, 3.65 ],
											"to": [ 4.788, 5.2254, 7.15 ],
											"autoUnwrap": false,
											"uv": [ 64.0, 24.5 ],
											"rotationOrigin": [ -0.412, -1.5746, 3.5 ],
											"faces": {
												"north": { "texture": "#skin", "uv": [ 64.0, 28.0, 69.0, 34.5 ] },
												"east": { "texture": "#skin", "uv": [ 69.5, 28.0, 73.0, 34.5 ] },
												"south": { "texture": "#skin", "uv": [ 73.0, 28.0, 78.0, 34.5 ] },
												"west": { "texture": "#skin", "uv": [ 78.5, 28.0, 82.0, 34.5 ] },
												"up": { "texture": "#skin", "uv": [ 64.0, 24.5, 69.0, 28.0 ] },
												"down": { "texture": "#skin", "uv": [ 69.5, 24.5, 74.5, 28.0 ] }
											}
										}
									]
								}
							],
							"attachmentpoints": [
								{
									"code": "Back",
									"posX": "4.0","posY": "3.0","posZ": "3.0",
									"rotationX": "0.0","rotationY": "0.0","rotationZ": "0.0"
								}
							]
						},
						{
							"name": "L_thigh",
							"from": [ 0.2, -4.0, 2.7 ],
							"to": [ 3.0, 1.0, 5.9 ],
							"unwrapMode": 4,
							"uv": [ 0.0, 0.0 ],
							"rotationOrigin": [ 1.4, 1.0, 4.2 ],
							"rotationX": -17.0,
							"rotationZ": -19.0,
							"faces": {
								"north": { "texture": "#skin", "uv": [ 0.0, 2.5, 2.5, 7.5 ] },
								"east": { "texture": "#skin", "uv": [ 8.0, 2.5, 11.0, 7.5 ], "windMode": [-1,-1,-1,-1] },
								"south": { "texture": "#skin", "uv": [ 5.5, 2.5, 8.0, 7.5 ] },
								"west": { "texture": "#skin", "uv": [ 2.5, 2.5, 5.5, 7.5 ] },
								"up": { "texture": "#skin", "uv": [ 2.5, 0.0, 5.5, 2.5 ], "rotation": 90 },
								"down": { "texture": "#skin", "uv": [ 2.5, 7.5, 5.5, 10.0 ], "rotation": 90 }
							},
							"children": [
								{
									"name": "L_feet",
									"from": [ 0.1, -4.7, 0.1 ],
									"to": [ 2.6, 1.3, 3.1 ],
									"unwrapMode": 4,
									"uv": [ 20.0, 21.0 ],
									"rotationOrigin": [ 2.1, 1.2, 1.4 ],
									"rotationX": 14.0,
									"rotationZ": 17.0,
									"faces": {
										"north": { "texture": "#skin", "uv": [ 20.0, 23.5, 22.5, 29.5 ] },
										"east": { "texture": "#skin", "uv": [ 28.0, 23.5, 31.0, 29.5 ] },
										"south": { "texture": "#skin", "uv": [ 25.5, 23.5, 28.0, 29.5 ] },
										"west": { "texture": "#skin", "uv": [ 22.5, 23.5, 25.5, 29.5 ] },
										"up": { "texture": "#skin", "uv": [ 22.5, 21.0, 25.5, 23.5 ], "rotation": 90 },
										"down": { "texture": "#skin", "uv": [ 22.5, 29.5, 25.5, 32.0 ], "rotation": 90 }
									}
								}
							]
						},
						{
							"name": "R_thigh",
							"from": [ 0.3, -4.0, 0.1 ],
							"to": [ 3.0, 1.0, 3.3 ],
							"unwrapMode": 4,
							"uv": [ 11.0, 0.0 ],
							"rotationOrigin": [ 1.4, 1.0, 1.6 ],
							"rotationX": 17.0,
							"rotationZ": -19.0,
							"faces": {
								"north": { "texture": "#skin", "uv": [ 11.0, 2.5, 13.5, 7.5 ] },
								"east": { "texture": "#skin", "uv": [ 19.0, 2.5, 22.0, 7.5 ] },
								"south": { "texture": "#skin", "uv": [ 16.5, 2.5, 19.0, 7.5 ] },
								"west": { "texture": "#skin", "uv": [ 13.5, 2.5, 16.5, 7.5 ] },
								"up": { "texture": "#skin", "uv": [ 13.5, 0.0, 16.5, 2.5 ], "rotation": 90 },
								"down": { "texture": "#skin", "uv": [ 13.5, 7.5, 16.5, 10.0 ], "rotation": 90 }
							},
							"children": [
								{
									"name": "R_feet",
									"from": [ 0.1, -4.7, 0.1 ],
									"to": [ 2.6, 1.3, 3.1 ],
									"unwrapMode": 4,
									"uv": [ 20.0, 32.0 ],
									"rotationOrigin": [ 2.1, 1.2, 1.4 ],
									"rotationX": -14.0,
									"rotationZ": 17.0,
									"faces": {
										"north": { "texture": "#skin", "uv": [ 20.0, 34.5, 22.5, 40.5 ] },
										"east": { "texture": "#skin", "uv": [ 28.0, 34.5, 31.0, 40.5 ] },
										"south": { "texture": "#skin", "uv": [ 25.5, 34.5, 28.0, 40.5 ] },
										"west": { "texture": "#skin", "uv": [ 22.5, 34.5, 25.5, 40.5 ] },
										"up": { "texture": "#skin", "uv": [ 22.5, 32.0, 25.5, 34.5 ], "rotation": 90 },
										"down": { "texture": "#skin", "uv": [ 22.5, 40.5, 25.5, 43.0 ], "rotation": 90 }
									}
								}
							]
						},
						{
							"name": "fur",
							"from": [ -0.1, 1.0, 0.0 ],
							"to": [ -0.1, 3.0, 6.0 ],
							"autoUnwrap": false,
							"uv": [ 0.0, 0.0 ],
							"rotationOrigin": [ -0.1, 1.0, 3.0 ],
							"rotationZ": 22.0,
							"faces": {
								"east": { "texture": "#skin", "uv": [ 0.0, 0.0, 0.0, 0.0 ], "autoUv": false, "windMode": [-1,-1,-1,-1] },
								"south": { "texture": "#skin", "uv": [ 0.0, 0.0, 0.0, 0.0 ], "autoUv": false, "windMode": [-1,-1,-1,-1] },
								"west": { "texture": "#skin", "uv": [ 30.5, 15.5, 36.5, 17.5 ], "windMode": [-1,-1,-1,-1] },
								"up": { "texture": "#skin", "uv": [ 0.0, 0.0, 0.0, 0.0 ], "autoUv": false, "windMode": [-1,-1,-1,-1] },
								"down": { "texture": "#skin", "uv": [ 0.0, 0.0, 0.0, 0.0 ], "autoUv": false, "windMode": [-1,-1,-1,-1] }
							}
						},
						{
							"name": "fur2",
							"from": [ -0.1, 1.0, 0.0 ],
							"to": [ -0.1, 3.0, 6.0 ],
							"autoUnwrap": false,
							"uv": [ 0.0, 0.0 ],
							"rotationOrigin": [ -0.1, 1.0, 3.0 ],
							"rotationY": 180.0,
							"rotationZ": -141.0,
							"faces": {
								"east": { "texture": "#skin", "uv": [ 0.0, 0.0, 0.0, 0.0 ], "autoUv": false },
								"south": { "texture": "#skin", "uv": [ 0.0, 0.0, 0.0, 0.0 ], "autoUv": false },
								"west": { "texture": "#skin", "uv": [ 30.5, 15.5, 36.5, 17.5 ] },
								"up": { "texture": "#skin", "uv": [ 0.0, 0.0, 0.0, 0.0 ], "autoUv": false },
								"down": { "texture": "#skin", "uv": [ 0.0, 0.0, 0.0, 0.0 ], "autoUv": false }
							}
						},
						{
							"name": "fur3",
							"from": [ 2.9, 0.0, 0.0 ],
							"to": [ 2.9, 2.0, 6.0 ],
							"autoUnwrap": false,
							"uv": [ 0.0, 0.0 ],
							"rotationOrigin": [ 2.9, 0.0, 3.0 ],
							"rotationZ": -155.0,
							"faces": {
								"east": { "texture": "#skin", "uv": [ 0.0, 0.0, 0.0, 0.0 ], "autoUv": false },
								"south": { "texture": "#skin", "uv": [ 0.0, 0.0, 0.0, 0.0 ], "autoUv": false },
								"west": { "texture": "#skin", "uv": [ 30.5, 15.5, 36.5, 17.5 ] },
								"up": { "texture": "#skin", "uv": [ 0.0, 0.0, 0.0, 0.0 ], "autoUv": false },
								"down": { "texture": "#skin", "uv": [ 0.0, 0.0, 0.0, 0.0 ], "autoUv": false }
							}
						}
					]
				}
			]
		}
	],
	"animations": [
		{
			"name": "standcry",
			"code": "standcry",
			"quantityframes": 110,
			"onActivityStopped": "EaseOut",
			"onAnimationEnd": "Stop",
			"keyframes": [
				{
					"frame": 0,
					"elements": {
						"Body": { "offsetX": 2.0, "offsetY": 0.0, "offsetZ": 0.0, "rotationX": 0.0, "rotationY": 0.0, "rotationZ": 0.0 },
						"Abdomen": { "offsetX": 0.0, "offsetY": 0.0, "offsetZ": 0.0, "rotationX": 0.0, "rotationY": 0.0, "rotationZ": 0.0 },
						"L_thigh": { "offsetX": 0.0, "offsetY": 0.0, "offsetZ": 0.0, "rotationX": 0.0, "rotationY": 0.0, "rotationZ": 0.0 },
						"L_feet": { "rotationX": 0.0, "rotationY": 0.0, "rotationZ": 0.0 },
						"R_thigh": { "offsetX": 0.0, "offsetY": 0.0, "offsetZ": 0.0, "rotationX": 0.0, "rotationY": 0.0, "rotationZ": 0.0 },
						"R_feet": { "rotationX": 0.0, "rotationY": 0.0, "rotationZ": 0.0 },
						"UpperTorso": { "rotationX": 0.0, "rotationY": 0.0, "rotationZ": 0.0 },
						"Neck": { "rotationX": 0.0, "rotationY": 0.0, "rotationZ": 0.0 },
						"Head": { "rotationX": 0.0, "rotationY": 0.0, "rotationZ": 0.0 },
						"L_shoulder": { "rotationX": 0.0, "rotationY": 0.0, "rotationZ": 0.0 },
						"L_upper_arm": { "rotationX": 0.0, "rotationY": 0.0, "rotationZ": 0.0 },
						"L_lower_arm": { "rotationX": 0.0, "rotationY": 0.0, "rotationZ": 0.0 },
						"R_shoulder": { "rotationX": 0.0, "rotationY": 0.0, "rotationZ": 0.0 },
						"R_upper_arm": { "rotationX": 0.0, "rotationY": 0.0, "rotationZ": 0.0 },
						"R_lower_arm": { "rotationX": 0.0, "rotationY": 0.0, "rotationZ": 0.0 }
					}
				},
				{
					"frame": 16,
					"elements": {
						"Body": { "offsetX": -2.0, "offsetY": -4.5, "offsetZ": 0.0, "rotationX": 0.0, "rotationY": 0.0, "rotationZ": 22.0 },
						"Abdomen": { "rotationX": 0.0, "rotationY": 0.0, "rotationZ": -14.0 },
						"L_thigh": { "rotationX": 0.0, "rotationY": 0.0, "rotationZ": -14.0 },
						"L_feet": { "rotationX": 0.0, "rotationY": 0.0, "rotationZ": 102.0 },
						"R_thigh": { "rotationX": 0.0, "rotationY": 0.0, "rotationZ": -11.0 },
						"R_feet": { "rotationX": 0.0, "rotationY": 0.0, "rotationZ": 97.0 },
						"Neck": { "rotationX": 0.0, "rotationY": 0.0, "rotationZ": 6.0 },
						"Head": { "rotationX": 0.0, "rotationY": 0.0, "rotationZ": 0.0 },
						"L_shoulder": { "rotationX": 3.0, "rotationY": -14.0, "rotationZ": -22.0 },
						"L_upper_arm": { "rotationX": 0.0, "rotationY": 0.0, "rotationZ": -11.0 },
						"L_lower_arm": { "rotationX": 0.0, "rotationY": 0.0, "rotationZ": -22.0 },
						"R_shoulder": { "rotationX": 0.0, "rotationY": 17.0, "rotationZ": -14.0 },
						"R_upper_arm": { "rotationX": 0.0, "rotationY": 0.0, "rotationZ": -17.0 },
						"R_lower_arm": { "rotationX": 0.0, "rotationY": 0.0, "rotationZ": -14.0 }
					}
				},
				{
					"frame": 45,
					"elements": {
						"Body": { "offsetX": -3.0, "offsetY": -5.5, "offsetZ": 0.0, "rotationX": 0.0, "rotationY": 0.0, "rotationZ": 20.0 },
						"Abdomen": { "offsetX": 0.0, "offsetY": 1.0, "offsetZ": 0.0, "rotationX": 0.0, "rotationY": 0.0, "rotationZ": 8.0 },
						"L_thigh": { "offsetX": 0.0, "offsetY": 1.0, "offsetZ": 0.0, "rotationX": 0.0, "rotationY": 0.0, "rotationZ": -14.0 },
						"L_feet": { "rotationX": 0.0, "rotationY": 0.0, "rotationZ": 75.0 },
						"R_thigh": { "offsetX": 0.0, "offsetY": 1.0, "offsetZ": 0.0, "rotationX": 0.0, "rotationY": 0.0, "rotationZ": -11.0 },
						"R_feet": { "rotationX": 0.0, "rotationY": 0.0, "rotationZ": 72.0 },
						"UpperTorso": { "rotationX": 0.0, "rotationY": 0.0, "rotationZ": 72.0 },
						"Neck": { "rotationX": 0.0, "rotationY": 0.0, "rotationZ": -44.0 },
						"Head": { "rotationX": -17.0, "rotationY": 0.0, "rotationZ": 0.0 },
						"L_shoulder": { "rotationX": -6.0, "rotationY": -6.0, "rotationZ": -78.0 },
						"L_upper_arm": { "rotationX": 0.0, "rotationY": 8.0, "rotationZ": -36.0 },
						"L_lower_arm": { "offsetX": 0.0, "offsetY": 1.0, "offsetZ": 0.0, "rotationX": 0.0, "rotationY": 14.0, "rotationZ": -80.0 },
						"R_shoulder": { "rotationX": 0.0, "rotationY": 17.0, "rotationZ": -61.0 },
						"R_upper_arm": { "rotationX": -11.0, "rotationY": 0.0, "rotationZ": -58.0 },
						"R_lower_arm": { "offsetX": 0.0, "offsetY": 1.0, "offsetZ": 0.0, "rotationX": 0.0, "rotationY": 0.0, "rotationZ": -86.0 }
					}
				},
				{
					"frame": 76,
					"elements": {
						"Body": { "offsetX": -3.0, "offsetY": -5.5, "offsetZ": 0.0 },
						"Head": { "rotationX": 19.0, "rotationY": 0.0, "rotationZ": 0.0 }
					}
				},
				{
					"frame": 79,
					"elements": {
						"Body": { "offsetX": -3.0, "offsetY": -5.5, "offsetZ": 0.0, "rotationX": 0.0, "rotationY": 0.0, "rotationZ": 20.0 },
						"Abdomen": { "offsetX": 0.0, "offsetY": 1.0, "offsetZ": 0.0, "rotationX": 0.0, "rotationY": 0.0, "rotationZ": 8.0 },
						"UpperTorso": { "rotationX": 0.0, "rotationY": 0.0, "rotationZ": 72.0 },
						"Neck": { "rotationX": 0.0, "rotationY": 0.0, "rotationZ": -44.0 },
						"R_shoulder": { "rotationX": 0.0, "rotationY": 17.0, "rotationZ": -61.0 },
						"R_upper_arm": { "rotationX": -11.0, "rotationY": 0.0, "rotationZ": -58.0 },
						"R_lower_arm": { "offsetX": 0.0, "offsetY": 1.0, "offsetZ": 0.0, "rotationX": 0.0, "rotationY": 0.0, "rotationZ": -86.0 },
						"L_shoulder": { "rotationX": -6.0, "rotationY": -6.0, "rotationZ": -78.0 },
						"L_upper_arm": { "rotationX": 0.0, "rotationY": 8.0, "rotationZ": -36.0 },
						"L_lower_arm": { "offsetX": 0.0, "offsetY": 1.0, "offsetZ": 0.0, "rotationX": 0.0, "rotationY": 14.0, "rotationZ": -80.0 },
						"L_thigh": { "offsetX": 0.0, "offsetY": 1.0, "offsetZ": 0.0, "rotationX": 0.0, "rotationY": 0.0, "rotationZ": -14.0 },
						"L_feet": { "rotationX": 0.0, "rotationY": 0.0, "rotationZ": 75.0 },
						"R_thigh": { "offsetX": 0.0, "offsetY": 1.0, "offsetZ": 0.0, "rotationX": 0.0, "rotationY": 0.0, "rotationZ": -11.0 },
						"R_feet": { "rotationX": 0.0, "rotationY": 0.0, "rotationZ": 72.0 }
					}
				},
				{
					"frame": 80,
					"elements": {
						"R_thigh": { "rotationX": 0.0, "rotationY": 0.0, "rotationZ": 0.0 },
						"R_feet": { "rotationX": 0.0, "rotationY": 0.0, "rotationZ": 55.0 }
					}
				},
				{
					"frame": 82,
					"elements": {
						"Head": { "rotationX": -14.0, "rotationY": 0.0, "rotationZ": 0.0 }
					}
				},
				{
					"frame": 90,
					"elements": {
						"Body": { "offsetX": -3.0, "offsetY": -5.5, "offsetZ": 0.0, "rotationX": 0.0, "rotationY": 0.0, "rotationZ": 20.0 },
						"Abdomen": { "offsetX": 0.0, "offsetY": 1.0, "offsetZ": 0.0, "rotationX": 0.0, "rotationY": 0.0, "rotationZ": 8.0 },
						"UpperTorso": { "rotationX": 0.0, "rotationY": 0.0, "rotationZ": 72.0 },
						"Neck": { "rotationX": 0.0, "rotationY": 0.0, "rotationZ": -44.0 },
						"Head": { "rotationX": 0.0, "rotationY": 0.0, "rotationZ": 0.0 },
						"R_shoulder": { "rotationX": 0.0, "rotationY": 17.0, "rotationZ": -61.0 },
						"R_upper_arm": { "rotationX": -11.0, "rotationY": 0.0, "rotationZ": -58.0 },
						"R_lower_arm": { "offsetX": 0.0, "offsetY": 1.0, "offsetZ": 0.0, "rotationX": 0.0, "rotationY": 0.0, "rotationZ": -86.0 },
						"L_shoulder": { "rotationX": -6.0, "rotationY": -6.0, "rotationZ": -78.0 },
						"L_upper_arm": { "rotationX": 0.0, "rotationY": 8.0, "rotationZ": 8.0 },
						"L_lower_arm": { "offsetX": 0.0, "offsetY": 1.0, "offsetZ": 0.0, "rotationX": 0.0, "rotationY": -6.0, "rotationZ": -25.0 },
						"L_thigh": { "offsetX": 0.0, "offsetY": 1.0, "offsetZ": 0.0, "rotationX": 0.0, "rotationY": 0.0, "rotationZ": -14.0 },
						"L_feet": { "rotationX": 0.0, "rotationY": 0.0, "rotationZ": 75.0 },
						"R_thigh": { "offsetX": 0.0, "offsetY": 1.0, "offsetZ": 0.0, "rotationX": 19.0, "rotationY": -30.0, "rotationZ": -75.0 },
						"R_feet": { "rotationX": 0.0, "rotationY": 0.0, "rotationZ": 72.0 }
					}
				},
				{
					"frame": 109,
					"elements": {
						"R_thigh": { "rotationX": 0.0, "rotationY": 0.0, "rotationZ": 0.0 },
						"R_feet": { "rotationX": 0.0, "rotationY": 0.0, "rotationZ": 0.0 }
					}
				}
			]
		},

		{
			"name": "standhurt",
			"code": "standhurt",
			"quantityframes": 23,
			"onActivityStopped": "PlayTillEnd",
			"onAnimationEnd": "Stop",
			"keyframes": [
				{
					"frame": 0,
					"elements": {
						"Body": { "offsetX": 0.0, "offsetY": 0.0, "offsetZ": 0.0, "rotationX": 0.0, "rotationY": 0.0, "rotationZ": 0.0 },
						"Abdomen": { "offsetX": 0.0, "offsetY": 0.0, "offsetZ": 0.0, "rotationX": 0.0, "rotationY": 0.0, "rotationZ": 0.0 },
						"L_thigh": { "rotationX": 0.0, "rotationY": 0.0, "rotationZ": 0.0 },
						"R_thigh": { "rotationX": 0.0, "rotationY": 0.0, "rotationZ": 0.0 },
						"Neck": { "rotationX": 0.0, "rotationY": 0.0, "rotationZ": 0.0 },
						"Head": { "rotationX": 0.0, "rotationY": 0.0, "rotationZ": 0.0 },
						"Mouth": { "rotationX": 0.0, "rotationY": 0.0, "rotationZ": 0.0 },
						"L_ear": { "rotationX": 0.0, "rotationY": 0.0, "rotationZ": 0.0 },
						"R_ear": { "rotationX": 0.0, "rotationY": 0.0, "rotationZ": 0.0 },
						"L_shoulder": { "rotationX": 0.0, "rotationY": 0.0, "rotationZ": 0.0 },
						"L_upper_arm": { "rotationX": 0.0, "rotationY": 0.0, "rotationZ": 0.0 },
						"L_lower_arm": { "rotationX": 0.0, "rotationY": 0.0, "rotationZ": 0.0 },
						"R_shoulder": { "rotationX": 0.0, "rotationY": 0.0, "rotationZ": 0.0 },
						"R_upper_arm": { "rotationX": 0.0, "rotationY": 0.0, "rotationZ": 0.0 },
						"R_lower_arm": { "rotationX": 0.0, "rotationY": 0.0, "rotationZ": 0.0 }
					}
				},
				{
					"frame": 6,
					"elements": {
						"Head": { "rotationX": 0.0, "rotationY": 0.0, "rotationZ": 0.0 },
						"Mouth": { "rotationX": 0.0, "rotationY": 0.0, "rotationZ": 50.0 },
						"R_ear": { "rotationX": 22.0, "rotationY": 0.0, "rotationZ": 0.0 },
						"L_ear": { "rotationX": -22.0, "rotationY": 0.0, "rotationZ": 0.0 }
					}
				},
				{
					"frame": 7,
					"elements": {
						"Body": { "offsetX": 2.0, "offsetY": 0.2, "offsetZ": 0.0, "rotationX": -5.0, "rotationY": 0.0, "rotationZ": -32.0 },
						"Abdomen": { "offsetX": 0.0, "offsetY": 0.0, "offsetZ": 0.0, "rotationX": 5.0, "rotationY": 0.0, "rotationZ": 19.0 },
						"L_thigh": { "rotationX": 0.0, "rotationY": 0.0, "rotationZ": 14.0 },
						"R_thigh": { "rotationX": 0.0, "rotationY": 0.0, "rotationZ": 14.0 },
						"Neck": { "rotationX": 0.0, "rotationY": 0.0, "rotationZ": -14.0 },
						"Head": { "rotationX": 0.0, "rotationY": 0.0, "rotationZ": 0.0 },
						"L_shoulder": { "rotationX": -11.0, "rotationY": 83.0, "rotationZ": -3.0 },
						"L_upper_arm": { "rotationX": -2.0, "rotationY": 0.0, "rotationZ": -3.0 },
						"L_lower_arm": { "rotationX": -4.0, "rotationY": 0.0, "rotationZ": -14.0 },
						"R_shoulder": { "rotationX": 42.0, "rotationY": -83.0, "rotationZ": 14.0 },
						"R_upper_arm": { "rotationX": 2.0, "rotationY": 0.0, "rotationZ": -11.0 },
						"R_lower_arm": { "rotationX": 5.0, "rotationY": 0.0, "rotationZ": -11.0 }
					}
				},
				{
					"frame": 10,
					"elements": {
						"Head": { "rotationX": 0.0, "rotationY": 0.0, "rotationZ": 39.0 }
					}
				},
				{
					"frame": 15,
					"elements": {
						"Body": { "offsetX": 0.0, "offsetY": 0.0, "offsetZ": 0.0, "rotationX": 0.0, "rotationY": 0.0, "rotationZ": 0.0 },
						"Abdomen": { "offsetX": 0.0, "offsetY": 0.0, "offsetZ": 0.0, "rotationX": 0.0, "rotationY": 0.0, "rotationZ": 0.0 },
						"Neck": { "rotationX": 0.0, "rotationY": 0.0, "rotationZ": 0.0 },
						"Head": { "rotationX": 0.0, "rotationY": 0.0, "rotationZ": 0.0 },
						"Mouth": { "rotationX": 0.0, "rotationY": 0.0, "rotationZ": 0.0 },
						"L_ear": { "rotationX": 0.0, "rotationY": 0.0, "rotationZ": 0.0 },
						"R_ear": { "rotationX": 0.0, "rotationY": 0.0, "rotationZ": 0.0 },
						"R_shoulder": { "rotationX": 0.0, "rotationY": 0.0, "rotationZ": 0.0 },
						"R_upper_arm": { "rotationX": 0.0, "rotationY": 0.0, "rotationZ": 0.0 },
						"R_lower_arm": { "rotationX": 0.0, "rotationY": 0.0, "rotationZ": 0.0 },
						"L_shoulder": { "rotationX": 0.0, "rotationY": 0.0, "rotationZ": 0.0 },
						"L_upper_arm": { "rotationX": 0.0, "rotationY": 0.0, "rotationZ": 0.0 },
						"L_lower_arm": { "rotationX": 0.0, "rotationY": 0.0, "rotationZ": 0.0 },
						"L_thigh": { "rotationX": 0.0, "rotationY": 0.0, "rotationZ": 0.0 },
						"R_thigh": { "rotationX": 0.0, "rotationY": 0.0, "rotationZ": 0.0 }
					}
				},
				{
					"frame": 19,
					"elements": {
						"Mouth": { "rotationX": 0.0, "rotationY": 0.0, "rotationZ": 0.0 },
						"L_ear": { "rotationX": 0.0, "rotationY": 0.0, "rotationZ": 0.0 },
						"R_ear": { "rotationX": 0.0, "rotationY": 0.0, "rotationZ": 0.0 }
					}
				}
			]
		},

		{
			"name": "standrun",
			"code": "standrun",
			"quantityframes": 30,
			"onActivityStopped": "EaseOut",
			"onAnimationEnd": "Repeat",
			"keyframes": [
				{
					"frame": 0,
					"elements": {
						"Body": { "offsetX": -2.8, "offsetY": 0.0, "offsetZ": 0.0, "rotationX": 0.0, "rotationY": 0.0, "rotationZ": 0.0 },
						"Abdomen": { "offsetX": 0.0, "offsetY": 0.0, "offsetZ": 0.0, "rotationX": 0.0, "rotationY": 0.0, "rotationZ": 14.0 },
						"L_thigh": { "offsetX": 0.0, "offsetY": -1.0, "offsetZ": 0.0, "rotationX": 8.0, "rotationY": 0.0, "rotationZ": -54.0 },
						"L_feet": { "rotationX": 0.0, "rotationY": 0.0, "rotationZ": 0.0 },
						"R_thigh": { "offsetX": 0.0, "offsetY": -1.0, "offsetZ": 0.0, "rotationX": 3.0, "rotationY": 0.0, "rotationZ": 41.0 },
						"R_feet": { "rotationX": 0.0, "rotationY": 0.0, "rotationZ": 0.0 },
						"Neck": { "rotationX": 0.0, "rotationY": 0.0, "rotationZ": -14.0 },
						"Head": { "rotationX": 8.0, "rotationY": 8.0, "rotationZ": -8.0 },
						"L_shoulder": { "offsetX": 0.0, "offsetY": -0.4, "offsetZ": -0.3, "rotationX": -8.0, "rotationY": 6.0, "rotationZ": 78.0 },
						"L_upper_arm": { "rotationX": 0.0, "rotationY": 0.0, "rotationZ": 0.0 },
						"L_lower_arm": { "rotationX": 0.0, "rotationY": 0.0, "rotationZ": 0.0 },
						"R_shoulder": { "offsetX": 0.5, "offsetY": 0.0, "offsetZ": -0.4, "rotationX": 3.0, "rotationY": 0.0, "rotationZ": -94.0 },
						"R_upper_arm": { "rotationX": -5.0, "rotationY": 0.0, "rotationZ": 0.0 },
						"R_lower_arm": { "rotationX": -10.0, "rotationY": 0.0, "rotationZ": 0.0 }
					}
				},
				{
					"frame": 7,
					"elements": {
						"Body": { "offsetX": -1.3, "offsetY": 0.0, "offsetZ": 0.0 },
						"L_thigh": { "offsetX": 0.0, "offsetY": 0.0, "offsetZ": 0.0, "rotationX": 0.0, "rotationY": 0.0, "rotationZ": -19.0 },
						"L_feet": { "rotationX": 19.0, "rotationY": 0.0, "rotationZ": 17.0 },
						"R_thigh": { "offsetX": 0.0, "offsetY": 1.0, "offsetZ": 0.0, "rotationX": -6.0, "rotationY": 0.0, "rotationZ": -30.0 },
						"R_feet": { "rotationX": 0.0, "rotationY": 0.0, "rotationZ": 28.0 },
						"L_shoulder": { "offsetX": 0.6, "offsetY": 0.0, "offsetZ": 0.0, "rotationX": 42.0, "rotationY": 0.0, "rotationZ": -30.0 },
						"L_upper_arm": { "rotationX": -8.0, "rotationY": 0.0, "rotationZ": 0.0 },
						"L_lower_arm": { "rotationX": -11.0, "rotationY": 0.0, "rotationZ": 0.0 },
						"R_shoulder": { "rotationX": 44.0, "rotationY": 0.0, "rotationZ": -50.0 }
					}
				},
				{
					"frame": 15,
					"elements": {
						"Body": { "offsetX": -2.8, "offsetY": 0.0, "offsetZ": 0.0, "rotationX": 0.0, "rotationY": 0.0, "rotationZ": 0.0 },
						"Abdomen": { "offsetX": 0.0, "offsetY": 0.0, "offsetZ": 0.0, "rotationX": 0.0, "rotationY": 0.0, "rotationZ": 14.0 },
						"L_thigh": { "offsetX": 0.0, "offsetY": -1.0, "offsetZ": 0.0, "rotationX": 6.0, "rotationY": 0.0, "rotationZ": 42.0 },
						"L_feet": { "rotationX": 0.0, "rotationY": 0.0, "rotationZ": 0.0 },
						"R_thigh": { "offsetX": 0.0, "offsetY": -1.0, "offsetZ": 0.0, "rotationX": -12.0, "rotationY": 0.0, "rotationZ": -51.0 },
						"R_feet": { "rotationX": 0.0, "rotationY": 0.0, "rotationZ": 0.0 },
						"Neck": { "rotationX": 0.0, "rotationY": 0.0, "rotationZ": -14.0 },
						"Head": { "rotationX": -8.0, "rotationY": -8.0, "rotationZ": 0.0 },
						"L_shoulder": { "offsetX": 0.6, "offsetY": 0.0, "offsetZ": 0.0, "rotationX": 11.0, "rotationY": 0.0, "rotationZ": -105.0 },
						"L_upper_arm": { "rotationX": 5.0, "rotationY": 0.0, "rotationZ": 0.0 },
						"L_lower_arm": { "rotationX": 5.0, "rotationY": 0.0, "rotationZ": 0.0 },
						"R_shoulder": { "offsetX": 0.0, "offsetY": -0.5, "offsetZ": 0.3, "rotationX": 11.0, "rotationY": -33.0, "rotationZ": 50.0 },
						"R_upper_arm": { "rotationX": 0.0, "rotationY": 0.0, "rotationZ": 0.0 },
						"R_lower_arm": { "rotationX": 0.0, "rotationY": 0.0, "rotationZ": 0.0 }
					}
				},
				{
					"frame": 29,
					"elements": {
						"Body": { "offsetX": -2.8, "offsetY": 0.0, "offsetZ": 0.0, "rotationX": 0.0, "rotationY": 0.0, "rotationZ": 0.0 },
						"Abdomen": { "offsetX": 0.0, "offsetY": 0.0, "offsetZ": 0.0, "rotationX": 0.0, "rotationY": 0.0, "rotationZ": 14.0 },
						"Neck": { "rotationX": 0.0, "rotationY": 0.0, "rotationZ": -14.0 },
						"Head": { "rotationX": 8.0, "rotationY": 8.0, "rotationZ": -8.0 },
						"R_shoulder": { "offsetX": 0.5, "offsetY": 0.0, "offsetZ": -0.4, "rotationX": 3.0, "rotationY": 0.0, "rotationZ": -94.0 },
						"R_upper_arm": { "rotationX": -5.0, "rotationY": 0.0, "rotationZ": 0.0 },
						"R_lower_arm": { "rotationX": -10.0, "rotationY": 0.0, "rotationZ": 0.0 },
						"L_shoulder": { "offsetX": 0.0, "offsetY": -0.4, "offsetZ": -0.3, "rotationX": -8.0, "rotationY": 6.0, "rotationZ": 78.0 },
						"L_upper_arm": { "rotationX": 0.0, "rotationY": 0.0, "rotationZ": 0.0 },
						"L_lower_arm": { "rotationX": 0.0, "rotationY": 0.0, "rotationZ": 0.0 },
						"L_thigh": { "offsetX": 0.0, "offsetY": -1.0, "offsetZ": 0.0, "rotationX": 8.0, "rotationY": 0.0, "rotationZ": -54.0 },
						"L_feet": { "rotationX": 0.0, "rotationY": 0.0, "rotationZ": 0.0 },
						"R_thigh": { "offsetX": 0.0, "offsetY": -1.0, "offsetZ": 0.0, "rotationX": 3.0, "rotationY": 0.0, "rotationZ": 41.0 },
						"R_feet": { "rotationX": 0.0, "rotationY": 0.0, "rotationZ": 0.0 }
					}
				}
			]
		},

		{
			"name": "standlowwalk",
			"code": "standlowwalk",
			"quantityframes": 30,
			"onActivityStopped": "EaseOut",
			"onAnimationEnd": "Repeat",
			"keyframes": [
				{
					"frame": 0,
					"elements": {
						"Body": { "offsetX": 0.0, "offsetY": 0.0, "offsetZ": 0.0, "rotationX": 8.0, "rotationY": 11.0, "rotationZ": 36.0 },
						"Abdomen": { "offsetX": 0.0, "offsetY": 0.4, "offsetZ": 0.0, "rotationX": -8.0, "rotationY": -3.0, "rotationZ": -25.0 },
						"R_thigh": { "offsetX": 0.0, "offsetY": 0.0, "offsetZ": 0.0, "rotationX": -15.0, "rotationY": -11.0, "rotationZ": 3.0 },
						"R_feet": { "rotationX": 8.0, "rotationY": 0.0, "rotationZ": 16.0 },
						"L_thigh": { "offsetX": -1.0, "offsetY": -0.8, "offsetZ": 0.0, "rotationX": 0.0, "rotationY": 11.0, "rotationZ": -30.0 },
						"L_feet": { "rotationX": 0.0, "rotationY": 0.0, "rotationZ": 17.0 },
						"UpperTorso": { "rotationX": 8.0, "rotationY": 0.0, "rotationZ": 0.0 },
						"L_shoulder": { "rotationX": -50.0, "rotationY": -19.0, "rotationZ": -6.0 },
						"L_upper_arm": { "rotationX": 0.0, "rotationY": 0.0, "rotationZ": 0.0 },
						"L_lower_arm": { "rotationX": 0.0, "rotationY": 0.0, "rotationZ": 0.0 },
						"Neck": { "rotationX": 0.0, "rotationY": 0.0, "rotationZ": 0.0 },
						"Head": { "rotationX": 0.0, "rotationY": 0.0, "rotationZ": -8.0 },
						"R_shoulder": { "rotationX": 44.0, "rotationY": -28.0, "rotationZ": 42.0 },
						"R_upper_arm": { "rotationX": 0.0, "rotationY": 0.0, "rotationZ": -8.0 },
						"R_lower_arm": { "rotationX": 0.0, "rotationY": 0.0, "rotationZ": -14.0 }
					}
				},
				{
					"frame": 5,
					"elements": {
						"Body": { "offsetX": 0.0, "offsetY": 0.0, "offsetZ": 0.0, "rotationX": 0.0, "rotationY": 0.0, "rotationZ": 33.0 },
						"Abdomen": { "rotationX": 0.0, "rotationY": 0.0, "rotationZ": -22.0 },
						"R_thigh": { "offsetX": 0.0, "offsetY": 1.0, "offsetZ": 0.0 },
						"L_feet": { "rotationX": 0.0, "rotationY": 0.0, "rotationZ": 0.0 }
					}
				},
				{
					"frame": 8,
					"elements": {
						"L_feet": { "rotationX": 0.0, "rotationY": 0.0, "rotationZ": -3.0 }
					}
				},
				{
					"frame": 15,
					"elements": {
						"Body": { "offsetX": 0.0, "offsetY": 0.0, "offsetZ": 0.0, "rotationX": -8.0, "rotationY": -11.0, "rotationZ": 36.0 },
						"Abdomen": { "offsetX": 0.0, "offsetY": 0.4, "offsetZ": 0.0, "rotationX": 8.0, "rotationY": 3.0, "rotationZ": -28.0 },
						"L_thigh": { "offsetX": 0.0, "offsetY": 0.0, "offsetZ": 0.0, "rotationX": 19.0, "rotationY": 14.0, "rotationZ": 33.0 },
						"L_feet": { "rotationX": -11.0, "rotationY": 0.0, "rotationZ": -8.0 },
						"R_thigh": { "offsetX": -1.0, "offsetY": -0.8, "offsetZ": 0.0, "rotationX": 0.0, "rotationY": 0.0, "rotationZ": -33.0 },
						"R_feet": { "rotationX": 0.0, "rotationY": 0.0, "rotationZ": 8.0 },
						"UpperTorso": { "rotationX": -8.0, "rotationY": 0.0, "rotationZ": 0.0 },
						"Neck": { "rotationX": 0.0, "rotationY": 0.0, "rotationZ": 0.0 },
						"L_shoulder": { "rotationX": -44.0, "rotationY": 28.0, "rotationZ": 22.0 },
						"L_upper_arm": { "rotationX": 0.0, "rotationY": 0.0, "rotationZ": -8.0 },
						"L_lower_arm": { "rotationX": 0.0, "rotationY": 0.0, "rotationZ": -9.0 },
						"R_shoulder": { "rotationX": 50.0, "rotationY": 19.0, "rotationZ": 6.0 },
						"R_upper_arm": { "rotationX": 0.0, "rotationY": 0.0, "rotationZ": 0.0 },
						"R_lower_arm": { "rotationX": 0.0, "rotationY": 0.0, "rotationZ": 0.0 }
					}
				},
				{
					"frame": 22,
					"elements": {
						"Body": { "rotationX": 0.0, "rotationY": 0.0, "rotationZ": 33.0 },
						"Abdomen": { "rotationX": 0.0, "rotationY": 0.0, "rotationZ": -22.0 },
						"L_thigh": { "offsetX": 0.0, "offsetY": 1.0, "offsetZ": 0.0, "rotationX": 0.0, "rotationY": 0.0, "rotationZ": -28.0 },
						"R_thigh": { "offsetX": 0.0, "offsetY": 0.0, "offsetZ": 0.0 }
					}
				},
				{
					"frame": 29,
					"elements": {
						"Body": { "offsetX": 0.0, "offsetY": 0.0, "offsetZ": 0.0, "rotationX": 8.0, "rotationY": 11.0, "rotationZ": 36.0 },
						"Abdomen": { "offsetX": 0.0, "offsetY": 0.4, "offsetZ": 0.0, "rotationX": -8.0, "rotationY": -3.0, "rotationZ": -25.0 },
						"UpperTorso": { "rotationX": 8.0, "rotationY": 0.0, "rotationZ": 0.0 },
						"Neck": { "rotationX": 0.0, "rotationY": 0.0, "rotationZ": 0.0 },
						"Head": { "rotationX": 0.0, "rotationY": 0.0, "rotationZ": -8.0 },
						"R_shoulder": { "rotationX": 44.0, "rotationY": -28.0, "rotationZ": 42.0 },
						"R_upper_arm": { "rotationX": 0.0, "rotationY": 0.0, "rotationZ": -8.0 },
						"R_lower_arm": { "rotationX": 0.0, "rotationY": 0.0, "rotationZ": -14.0 },
						"L_shoulder": { "rotationX": -50.0, "rotationY": -19.0, "rotationZ": -6.0 },
						"L_upper_arm": { "rotationX": 0.0, "rotationY": 0.0, "rotationZ": 0.0 },
						"L_lower_arm": { "rotationX": 0.0, "rotationY": 0.0, "rotationZ": 0.0 },
						"L_thigh": { "offsetX": -1.0, "offsetY": -0.8, "offsetZ": 0.0, "rotationX": 0.0, "rotationY": 11.0, "rotationZ": -30.0 },
						"L_feet": { "rotationX": 0.0, "rotationY": 0.0, "rotationZ": 17.0 },
						"R_thigh": { "offsetX": 0.0, "offsetY": 0.0, "offsetZ": 0.0, "rotationX": -15.0, "rotationY": -11.0, "rotationZ": 3.0 },
						"R_feet": { "rotationX": 8.0, "rotationY": 0.0, "rotationZ": 16.0 }
					}
				}
			]
		},

		{
			"name": "standattack",
			"code": "standattack",
			"quantityframes": 30,
			"onActivityStopped": "PlayTillEnd",
			"onAnimationEnd": "Stop",
			"keyframes": [
				{
					"frame": 0,
					"elements": {
						"Body": { "offsetX": 0.0, "offsetY": 0.0, "offsetZ": 0.0, "rotationX": 0.0, "rotationY": 0.0, "rotationZ": 0.0 },
						"Abdomen": { "offsetX": 0.0, "offsetY": 0.0, "offsetZ": 0.0, "rotationX": 0.0, "rotationY": 0.0, "rotationZ": 0.0 },
						"L_thigh": { "rotationX": 0.0, "rotationY": 0.0, "rotationZ": 0.0 },
						"L_feet": { "rotationX": 0.0, "rotationY": 0.0, "rotationZ": 0.0 },
						"R_thigh": { "offsetX": 0.0, "offsetY": 0.0, "offsetZ": 0.0, "rotationX": 0.0, "rotationY": 0.0, "rotationZ": 0.0 },
						"R_feet": { "rotationX": 0.0, "rotationY": 0.0, "rotationZ": 0.0 },
						"L_shoulder": { "offsetX": 0.0, "offsetY": 0.0, "offsetZ": 0.0, "rotationX": 0.0, "rotationY": 0.0, "rotationZ": 0.0 },
						"L_upper_arm": { "rotationX": 0.0, "rotationY": 0.0, "rotationZ": 0.0 },
						"L_lower_arm": { "rotationX": 0.0, "rotationY": 0.0, "rotationZ": 0.0 },
						"R_shoulder": { "offsetX": 0.0, "offsetY": 0.0, "offsetZ": 0.0, "rotationX": 0.0, "rotationY": 0.0, "rotationZ": 0.0 },
						"R_upper_arm": { "rotationX": 0.0, "rotationY": 0.0, "rotationZ": 0.0 },
						"R_lower_arm": { "rotationX": 0.0, "rotationY": 0.0, "rotationZ": 0.0 },
						"Head": { "rotationX": 0.0, "rotationY": 0.0, "rotationZ": 0.0 },
						"Mouth": { "rotationX": 0.0, "rotationY": 0.0, "rotationZ": 0.0 },
						"R_ear": { "rotationX": 0.0, "rotationY": 0.0, "rotationZ": 0.0 },
						"L_ear": { "rotationX": 0.0, "rotationY": 0.0, "rotationZ": 0.0 }
					}
				},
				{
					"frame": 7,
					"elements": {
						"Body": { "offsetX": 0.0, "offsetY": 0.0, "offsetZ": 0.0, "rotationX": 6.0, "rotationY": -17.0, "rotationZ": -6.0 },
						"Abdomen": { "offsetX": 0.0, "offsetY": 0.0, "offsetZ": 0.0, "rotationX": -6.0, "rotationY": 4.0, "rotationZ": 6.0 },
						"L_thigh": { "rotationX": 3.0, "rotationY": 0.0, "rotationZ": 8.0 },
						"L_feet": { "rotationX": 17.0, "rotationY": 8.0, "rotationZ": 22.0 },
						"R_thigh": { "rotationX": -3.0, "rotationY": 0.0, "rotationZ": 0.0 },
						"R_feet": { "rotationX": 0.0, "rotationY": 0.0, "rotationZ": 0.0 },
						"L_shoulder": { "offsetX": 0.0, "offsetY": 0.0, "offsetZ": -0.5, "rotationX": 0.0, "rotationY": -72.0, "rotationZ": -44.0 },
						"L_upper_arm": { "rotationX": 14.0, "rotationY": 0.0, "rotationZ": 0.0 },
						"L_lower_arm": { "rotationX": 11.0, "rotationY": 0.0, "rotationZ": 0.0 },
						"R_shoulder": { "offsetX": 0.0, "offsetY": -1.0, "offsetZ": 0.0, "rotationX": -6.0, "rotationY": -17.0, "rotationZ": -33.0 },
						"R_upper_arm": { "rotationX": 0.0, "rotationY": 0.0, "rotationZ": 0.0 },
						"R_lower_arm": { "rotationX": 0.0, "rotationY": 0.0, "rotationZ": 0.0 },
						"L_ear": { "rotationX": 0.0, "rotationY": 0.0, "rotationZ": 0.0 },
						"R_ear": { "rotationX": 0.0, "rotationY": 0.0, "rotationZ": 0.0 }
					}
				},
				{
					"frame": 9,
					"elements": {
						"Head": { "rotationX": -6.0, "rotationY": 22.0, "rotationZ": 0.0 }
					}
				},
				{
					"frame": 12,
					"elements": {
						"Abdomen": { "offsetX": 0.0, "offsetY": 0.0, "offsetZ": 0.0 },
						"L_shoulder": { "offsetX": 0.0, "offsetY": -1.0, "offsetZ": 0.0 }
					}
				},
				{
					"frame": 15,
					"elements": {
						"Body": { "offsetX": -3.0, "offsetY": 2.0, "offsetZ": 0.0, "rotationX": -6.0, "rotationY": 36.0, "rotationZ": 35.0 },
						"Abdomen": { "offsetX": 0.0, "offsetY": 0.5, "offsetZ": 0.0, "rotationX": -17.0, "rotationY": -25.0, "rotationZ": -42.0 },
						"L_thigh": { "rotationX": 3.0, "rotationY": 0.0, "rotationZ": 36.0 },
						"L_feet": { "rotationX": 3.0, "rotationY": 8.0, "rotationZ": 3.0 },
						"R_thigh": { "rotationX": -3.0, "rotationY": 8.0, "rotationZ": 0.0 },
						"R_feet": { "rotationX": 0.0, "rotationY": 0.0, "rotationZ": 11.0 },
						"L_shoulder": { "offsetX": 0.0, "offsetY": -1.0, "offsetZ": 0.0, "rotationX": 3.0, "rotationY": 25.0, "rotationZ": -80.0 },
						"L_upper_arm": { "rotationX": 0.0, "rotationY": 0.0, "rotationZ": 0.0 },
						"L_lower_arm": { "rotationX": 0.0, "rotationY": 0.0, "rotationZ": 0.0 },
						"R_shoulder": { "offsetX": 1.0, "offsetY": 0.0, "offsetZ": 0.0, "rotationX": 25.0, "rotationY": -17.0, "rotationZ": 36.0 },
						"R_upper_arm": { "rotationX": -8.0, "rotationY": 0.0, "rotationZ": 0.0 },
						"R_lower_arm": { "rotationX": -4.0, "rotationY": 0.0, "rotationZ": 0.0 },
						"Mouth": { "rotationX": 0.0, "rotationY": -11.0, "rotationZ": 33.0 },
						"L_ear": { "rotationX": -22.0, "rotationY": 42.0, "rotationZ": 0.0 },
						"R_ear": { "rotationX": 22.0, "rotationY": -47.0, "rotationZ": 0.0 }
					}
				},
				{
					"frame": 18,
					"elements": {
						"Body": { "offsetX": -4.0, "offsetY": 2.5, "offsetZ": 0.0 },
						"R_feet": { "rotationX": 0.0, "rotationY": 0.0, "rotationZ": 22.0 },
						"L_thigh": { "rotationX": 10.0, "rotationY": 7.0, "rotationZ": 17.0 },
						"L_feet": { "rotationX": 0.0, "rotationY": 0.0, "rotationZ": 28.0 }
					}
				},
				{
					"frame": 23,
					"elements": {
						"R_thigh": { "offsetX": 0.0, "offsetY": -0.4, "offsetZ": 0.0, "rotationX": 0.0, "rotationY": 6.0, "rotationZ": 3.0 },
						"R_feet": { "rotationX": 0.0, "rotationY": 0.0, "rotationZ": -3.0 },
						"Mouth": { "rotationX": 0.0, "rotationY": 17.0, "rotationZ": 25.0 }
					}
				},
				{
					"frame": 27,
					"elements": {
						"R_thigh": { "offsetX": 0.0, "offsetY": 0.2, "offsetZ": 0.0 }
					}
				}
			]
		},

		{
			"name": "standidle",
			"code": "standidle",
			"quantityframes": 60,
			"onActivityStopped": "EaseOut",
			"onAnimationEnd": "Repeat",
			"keyframes": [
				{
					"frame": 0,
					"elements": {
						"Body": { "offsetX": 0.0, "offsetY": 0.0, "offsetZ": 0.0, "rotationX": 0.0, "rotationY": 0.0, "rotationZ": 0.0 },
						"Abdomen": { "offsetX": 0.0, "offsetY": 0.0, "offsetZ": 0.0, "rotationX": 0.0, "rotationY": 0.0, "rotationZ": 0.0 },
						"L_thigh": { "rotationX": 0.0, "rotationY": 0.0, "rotationZ": 0.0 },
						"L_feet": { "rotationX": 0.0, "rotationY": 0.0, "rotationZ": 0.0 },
						"R_thigh": { "rotationX": 0.0, "rotationY": 0.0, "rotationZ": 0.0 },
						"R_feet": { "rotationX": 0.0, "rotationY": 0.0, "rotationZ": 0.0 },
						"UpperTorso": { "offsetX": 0.0, "offsetY": 0.0, "offsetZ": 0.0 },
						"Neck": { "rotationX": 0.0, "rotationY": 0.0, "rotationZ": 0.0 },
						"Head": { "rotationX": 0.0, "rotationY": 0.0, "rotationZ": 0.0 }
					}
				},
				{
					"frame": 5,
					"elements": {
						"Head": { "rotationX": 0.0, "rotationY": 0.0, "rotationZ": 0.0 }
					}
				},
				{
					"frame": 10,
					"elements": {
						"Head": { "rotationX": 0.0, "rotationY": 25.0, "rotationZ": 0.0 }
					}
				},
				{
					"frame": 21,
					"elements": {
						"Abdomen": { "offsetX": 0.0, "offsetY": -0.1, "offsetZ": 0.0 }
					}
				},
				{
					"frame": 22,
					"elements": {
						"Neck": { "rotationX": 0.0, "rotationY": 0.0, "rotationZ": 2.0 }
					}
				},
				{
					"frame": 25,
					"elements": {
						"Body": { "offsetX": 0.0, "offsetY": 0.03, "offsetZ": 0.0, "rotationX": 0.0, "rotationY": 0.0, "rotationZ": 0.0 },
						"Abdomen": { "offsetX": 0.0, "offsetY": -0.029411764705882356, "offsetZ": 0.0, "rotationX": 0.0, "rotationY": 0.0, "rotationZ": 0.0 },
						"Neck": { "rotationX": 0.0, "rotationY": 0.0, "rotationZ": 0.227 },
						"Head": { "rotationX": 0.0, "rotationY": 0.0, "rotationZ": 0.0 },
						"L_thigh": { "rotationX": 0.0, "rotationY": 0.0, "rotationZ": 0.0 },
						"L_feet": { "rotationX": 0.0, "rotationY": 0.0, "rotationZ": 0.0 },
						"R_thigh": { "rotationX": 0.0, "rotationY": 0.0, "rotationZ": 0.0 },
						"R_feet": { "rotationX": 0.0, "rotationY": 0.0, "rotationZ": 0.0 }
					}
				},
				{
					"frame": 30,
					"elements": {
						"Body": { "rotationX": 0.0, "rotationY": 0.0, "rotationZ": 0.0 },
						"Abdomen": { "offsetX": 0.0, "offsetY": -0.029411764705882356, "offsetZ": 0.0, "rotationX": 0.0, "rotationY": 0.0, "rotationZ": 0.0 },
						"UpperTorso": { "offsetX": 0.0, "offsetY": -1.0, "offsetZ": 0.0 },
						"Neck": { "rotationX": 0.0, "rotationY": 0.0, "rotationZ": 0.227 },
						"Head": { "rotationX": 0.0, "rotationY": 0.0, "rotationZ": 0.0 },
						"L_thigh": { "rotationX": 0.0, "rotationY": 0.0, "rotationZ": 0.0 },
						"L_feet": { "rotationX": 0.0, "rotationY": 0.0, "rotationZ": 0.0 },
						"R_thigh": { "rotationX": 0.0, "rotationY": 0.0, "rotationZ": 0.0 },
						"R_feet": { "rotationX": 0.0, "rotationY": 0.0, "rotationZ": 0.0 }
					}
				},
				{
					"frame": 35,
					"elements": {
						"Body": { "rotationX": 0.0, "rotationY": 0.0, "rotationZ": 0.0 },
						"Abdomen": { "offsetX": 0.0, "offsetY": -0.05882352941176471, "offsetZ": 0.0, "rotationX": 0.0, "rotationY": 0.0, "rotationZ": 0.0 },
						"Neck": { "rotationX": 0.0, "rotationY": 0.0, "rotationZ": 0.909 },
						"Head": { "rotationX": 0.0, "rotationY": -25.0, "rotationZ": 0.0 },
						"L_thigh": { "rotationX": 0.0, "rotationY": 0.0, "rotationZ": 0.0 },
						"L_feet": { "rotationX": 0.0, "rotationY": 0.0, "rotationZ": 0.0 },
						"R_thigh": { "rotationX": 0.0, "rotationY": 0.0, "rotationZ": 0.0 },
						"R_feet": { "rotationX": 0.0, "rotationY": 0.0, "rotationZ": 0.0 }
					}
				},
				{
					"frame": 45,
					"elements": {
						"Body": { "rotationX": 0.0, "rotationY": 0.0, "rotationZ": 0.0 },
						"Abdomen": { "offsetX": 0.0, "offsetY": -0.05882352941176471, "offsetZ": 0.0, "rotationX": 0.0, "rotationY": 0.0, "rotationZ": 0.0 },
						"Neck": { "rotationX": 0.0, "rotationY": 0.0, "rotationZ": 0.909 },
						"Head": { "rotationX": 0.0, "rotationY": -25.0, "rotationZ": 0.0 },
						"L_thigh": { "rotationX": 0.0, "rotationY": 0.0, "rotationZ": 0.0 },
						"L_feet": { "rotationX": 0.0, "rotationY": 0.0, "rotationZ": 0.0 },
						"R_thigh": { "rotationX": 0.0, "rotationY": 0.0, "rotationZ": 0.0 },
						"R_feet": { "rotationX": 0.0, "rotationY": 0.0, "rotationZ": 0.0 }
					}
				},
				{
					"frame": 50,
					"elements": {
						"Body": { "rotationX": 0.0, "rotationY": 0.0, "rotationZ": 0.0 },
						"Abdomen": { "offsetX": 0.0, "offsetY": -0.029411764705882356, "offsetZ": 0.0, "rotationX": 0.0, "rotationY": 0.0, "rotationZ": 0.0 },
						"Neck": { "rotationX": 0.0, "rotationY": 0.0, "rotationZ": 0.227 },
						"Head": { "rotationX": 0.0, "rotationY": 0.0, "rotationZ": 0.0 },
						"L_thigh": { "rotationX": 0.0, "rotationY": 0.0, "rotationZ": 0.0 },
						"L_feet": { "rotationX": 0.0, "rotationY": 0.0, "rotationZ": 0.0 },
						"R_thigh": { "rotationX": 0.0, "rotationY": 0.0, "rotationZ": 0.0 },
						"R_feet": { "rotationX": 0.0, "rotationY": 0.0, "rotationZ": 0.0 }
					}
				},
				{
					"frame": 59,
					"elements": {
						"Body": { "offsetX": 0.0, "offsetY": 0.0, "offsetZ": 0.0, "rotationX": 0.0, "rotationY": 0.0, "rotationZ": 0.0 },
						"Abdomen": { "offsetX": 0.0, "offsetY": 0.0, "offsetZ": 0.0, "rotationX": 0.0, "rotationY": 0.0, "rotationZ": 0.0 },
						"UpperTorso": { "offsetX": 0.0, "offsetY": 0.0, "offsetZ": 0.0 },
						"Neck": { "rotationX": 0.0, "rotationY": 0.0, "rotationZ": 0.0 },
						"Head": { "rotationX": 0.0, "rotationY": 0.0, "rotationZ": 0.0 },
						"L_thigh": { "rotationX": 0.0, "rotationY": 0.0, "rotationZ": 0.0 },
						"L_feet": { "rotationX": 0.0, "rotationY": 0.0, "rotationZ": 0.0 },
						"R_thigh": { "rotationX": 0.0, "rotationY": 0.0, "rotationZ": 0.0 },
						"R_feet": { "rotationX": 0.0, "rotationY": 0.0, "rotationZ": 0.0 }
					}
				}
			]
		},

		{
			"name": "standstun",
			"code": "standstun",
			"quantityframes": 5,
			"onActivityStopped": "PlayTillEnd",
			"onAnimationEnd": "Hold",
			"keyframes": [
				{
					"frame": 0,
					"elements": {
						"Body": { "offsetX": 2.0, "offsetY": 0.2, "offsetZ": 0.0, "rotationX": -5.0, "rotationY": -8.0, "rotationZ": -32.0 },
						"Abdomen": { "offsetX": 0.0, "offsetY": 0.0, "offsetZ": 0.0, "rotationX": 5.0, "rotationY": 6.0, "rotationZ": 19.0 },
						"L_thigh": { "rotationX": 0.0, "rotationY": 0.0, "rotationZ": 14.0 },
						"R_thigh": { "rotationX": 0.0, "rotationY": 0.0, "rotationZ": 14.0 },
						"Neck": { "rotationX": 0.0, "rotationY": 0.0, "rotationZ": 14.0 },
						"Head": { "rotationX": 0.0, "rotationY": 0.0, "rotationZ": 22.0 },
						"L_shoulder": { "rotationX": 5.0, "rotationY": 0.0, "rotationZ": 11.0 },
						"L_upper_arm": { "rotationX": -2.0, "rotationY": 0.0, "rotationZ": -3.0 },
						"L_lower_arm": { "rotationX": -4.0, "rotationY": 0.0, "rotationZ": -14.0 },
						"R_shoulder": { "rotationX": -4.0, "rotationY": 0.0, "rotationZ": 17.0 },
						"R_upper_arm": { "rotationX": 2.0, "rotationY": 0.0, "rotationZ": -11.0 },
						"R_lower_arm": { "rotationX": 5.0, "rotationY": 0.0, "rotationZ": -11.0 }
					}
				}
			]
		},

		{
			"name": "standdie",
			"code": "standdie",
			"quantityframes": 30,
			"onActivityStopped": "PlayTillEnd",
			"onAnimationEnd": "Hold",
			"keyframes": [
				{
					"frame": 0,
					"elements": {
						"Body": { "offsetX": 5.0, "offsetY": -3.5, "offsetZ": 0.0, "rotationX": 0.0, "rotationY": 0.0, "rotationZ": 44.0 },
						"Abdomen": { "offsetX": 0.0, "offsetY": 0.0, "offsetZ": 0.0, "rotationX": 0.0, "rotationY": 0.0, "rotationZ": 0.0 },
						"L_thigh": { "offsetX": 0.0, "offsetY": 0.0, "offsetZ": 0.0, "rotationX": 0.0, "rotationY": 0.0, "rotationZ": 0.0 },
						"L_feet": { "rotationX": 0.0, "rotationY": 0.0, "rotationZ": 0.0 },
						"R_thigh": { "offsetX": -1.0, "offsetY": 0.0, "offsetZ": 0.0, "rotationX": 0.0, "rotationY": -55.0, "rotationZ": 14.0 },
						"R_feet": { "rotationX": 0.0, "rotationY": 0.0, "rotationZ": 0.0 },
						"L_shoulder": { "rotationX": 0.0, "rotationY": 0.0, "rotationZ": 0.0 },
						"L_upper_arm": { "rotationX": 0.0, "rotationY": 0.0, "rotationZ": 0.0 },
						"L_lower_arm": { "rotationX": 0.0, "rotationY": 0.0, "rotationZ": 0.0 },
						"R_shoulder": { "rotationX": 0.0, "rotationY": 0.0, "rotationZ": 0.0 },
						"R_upper_arm": { "rotationX": 0.0, "rotationY": 0.0, "rotationZ": 0.0 },
						"R_lower_arm": { "rotationX": 0.0, "rotationY": 0.0, "rotationZ": 0.0 },
						"Neck": { "rotationX": 0.0, "rotationY": 0.0, "rotationZ": 0.0 },
						"Head": { "rotationX": 0.0, "rotationY": 0.0, "rotationZ": 0.0 }
					}
				},
				{
					"frame": 2,
					"elements": {
						"Body": { "offsetX": 5.0, "offsetY": -3.5, "offsetZ": 0.0, "rotationX": 0.0, "rotationY": 0.0, "rotationZ": 44.0 },
						"Abdomen": { "offsetX": 0.0, "offsetY": 1.0, "offsetZ": 0.0, "rotationX": 0.0, "rotationY": 0.0, "rotationZ": -33.0 },
						"L_thigh": { "offsetX": -1.0, "offsetY": 0.0, "offsetZ": 0.0, "rotationX": 0.0, "rotationY": 44.0, "rotationZ": -91.0 },
						"L_feet": { "rotationX": 0.0, "rotationY": 0.0, "rotationZ": 100.0 },
						"R_thigh": { "offsetX": -1.0, "offsetY": 0.0, "offsetZ": 0.0, "rotationX": 0.0, "rotationY": -55.0, "rotationZ": -80.0 },
						"R_feet": { "rotationX": 0.0, "rotationY": 0.0, "rotationZ": 97.0 },
						"UpperTorso": { "rotationX": 0.0, "rotationY": 0.0, "rotationZ": 22.0 },
						"Neck": { "rotationX": 0.0, "rotationY": 0.0, "rotationZ": -8.0 },
						"Head": { "rotationX": 0.0, "rotationY": 0.0, "rotationZ": 19.0 },
						"L_shoulder": { "rotationX": -55.0, "rotationY": 61.0, "rotationZ": -30.0 },
						"L_upper_arm": { "rotationX": 0.0, "rotationY": 0.0, "rotationZ": 0.0 },
						"L_lower_arm": { "rotationX": 0.0, "rotationY": 0.0, "rotationZ": 0.0 },
						"R_shoulder": { "rotationX": 50.0, "rotationY": -55.0, "rotationZ": -39.0 },
						"R_upper_arm": { "rotationX": 0.0, "rotationY": 0.0, "rotationZ": 0.0 },
						"R_lower_arm": { "rotationX": 0.0, "rotationY": 0.0, "rotationZ": 0.0 }
					}
				},
				{
					"frame": 10,
					"elements": {
						"R_thigh": { "rotationX": 0.0, "rotationY": 0.0, "rotationZ": 0.0 },
						"L_thigh": { "rotationX": 0.0, "rotationY": 0.0, "rotationZ": 0.0 }
					}
				},
				{
					"frame": 18,
					"elements": {
						"L_thigh": { "rotationX": 0.0, "rotationY": 0.0, "rotationZ": 47.0 },
						"R_thigh": { "rotationX": 0.0, "rotationY": 0.0, "rotationZ": 39.0 }
					}
				},
				{
					"frame": 20,
					"elements": {
						"L_thigh": { "rotationX": 0.0, "rotationY": 0.0, "rotationZ": 39.0 },
						"L_feet": { "rotationX": 0.0, "rotationY": 0.0, "rotationZ": 0.0 },
						"R_thigh": { "rotationX": 0.0, "rotationY": 0.0, "rotationZ": 39.0 },
						"R_feet": { "rotationX": 0.0, "rotationY": 0.0, "rotationZ": 0.0 }
					}
				},
				{
					"frame": 21,
					"elements": {
						"Abdomen": { "rotationX": 0.0, "rotationY": 0.0, "rotationZ": 66.0 },
						"UpperTorso": { "rotationX": 0.0, "rotationY": 0.0, "rotationZ": -64.0 },
						"R_thigh": { "rotationX": 0.0, "rotationY": 0.0, "rotationZ": 39.0 },
						"L_thigh": { "rotationX": 0.0, "rotationY": 0.0, "rotationZ": 39.0 }
					}
				},
				{
					"frame": 26,
					"elements": {
						"Body": { "offsetX": -2.0, "offsetY": -4.5, "offsetZ": 0.0, "rotationX": 0.0, "rotationY": 0.0, "rotationZ": -6.0 },
						"Abdomen": { "offsetX": -4.0, "offsetY": -4.0, "offsetZ": 0.0, "rotationX": 0.0, "rotationY": 0.0, "rotationZ": 89.0 },
						"L_thigh": { "offsetX": -1.0, "offsetY": 0.0, "offsetZ": 0.0, "rotationX": 0.0, "rotationY": 0.0, "rotationZ": 8.0 },
						"L_feet": { "rotationX": 0.0, "rotationY": 0.0, "rotationZ": 0.0 },
						"R_thigh": { "offsetX": -1.0, "offsetY": 0.0, "offsetZ": 0.0, "rotationX": 0.0, "rotationY": 0.0, "rotationZ": 6.0 },
						"R_feet": { "rotationX": 0.0, "rotationY": 0.0, "rotationZ": 0.0 },
						"UpperTorso": { "rotationX": 0.0, "rotationY": 0.0, "rotationZ": 0.0 },
						"Neck": { "rotationX": 0.0, "rotationY": 0.0, "rotationZ": -44.0 },
						"Head": { "rotationX": -14.0, "rotationY": -17.0, "rotationZ": -8.0 },
						"L_shoulder": { "rotationX": -55.0, "rotationY": 8.0, "rotationZ": 17.0 },
						"L_upper_arm": { "rotationX": 0.0, "rotationY": 0.0, "rotationZ": 0.0 },
						"L_lower_arm": { "rotationX": 0.0, "rotationY": 0.0, "rotationZ": 0.0 },
						"R_shoulder": { "rotationX": 0.0, "rotationY": 0.0, "rotationZ": 19.0 },
						"R_upper_arm": { "rotationX": 0.0, "rotationY": 0.0, "rotationZ": 0.0 },
						"R_lower_arm": { "rotationX": 0.0, "rotationY": 0.0, "rotationZ": 0.0 }
					}
				},
				{
					"frame": 29,
					"elements": {
						"Body": { "offsetX": -2.0, "offsetY": -4.5, "offsetZ": 0.0, "rotationX": 0.0, "rotationY": 0.0, "rotationZ": -6.0 },
						"Abdomen": { "offsetX": -4.0, "offsetY": -4.0, "offsetZ": 0.0, "rotationX": 0.0, "rotationY": 0.0, "rotationZ": 89.0 },
						"UpperTorso": { "rotationX": 0.0, "rotationY": 0.0, "rotationZ": 0.0 },
						"Neck": { "rotationX": 0.0, "rotationY": 0.0, "rotationZ": -44.0 },
						"Head": { "rotationX": -14.0, "rotationY": -17.0, "rotationZ": -8.0 },
						"R_shoulder": { "rotationX": 0.0, "rotationY": 0.0, "rotationZ": 19.0 },
						"R_upper_arm": { "rotationX": 0.0, "rotationY": 0.0, "rotationZ": 0.0 },
						"R_lower_arm": { "rotationX": 0.0, "rotationY": 0.0, "rotationZ": 0.0 },
						"L_shoulder": { "rotationX": -55.0, "rotationY": 8.0, "rotationZ": 17.0 },
						"L_upper_arm": { "rotationX": 0.0, "rotationY": 0.0, "rotationZ": 0.0 },
						"L_lower_arm": { "rotationX": 0.0, "rotationY": 0.0, "rotationZ": 0.0 },
						"L_thigh": { "offsetX": -1.0, "offsetY": 0.0, "offsetZ": 0.0, "rotationX": 0.0, "rotationY": 0.0, "rotationZ": 8.0 },
						"L_feet": { "rotationX": 0.0, "rotationY": 0.0, "rotationZ": 0.0 },
						"R_thigh": { "offsetX": -1.0, "offsetY": 0.0, "offsetZ": 0.0, "rotationX": 0.0, "rotationY": 0.0, "rotationZ": 6.0 },
						"R_feet": { "rotationX": 0.0, "rotationY": 0.0, "rotationZ": 0.0 }
					}
				}
			]
		},

		{
			"name": "standcry",
			"code": "standcry",
			"quantityframes": 110,
			"onActivityStopped": "EaseOut",
			"onAnimationEnd": "Stop",
			"keyframes": [
				{
					"frame": 0,
					"elements": {
						"Body": { "offsetX": 0.0, "offsetY": 0.0, "offsetZ": 0.0, "rotationX": 0.0, "rotationY": 0.0, "rotationZ": 0.0 },
						"Abdomen": { "offsetX": 0.0, "offsetY": 0.0, "offsetZ": 0.0, "rotationX": 0.0, "rotationY": 0.0, "rotationZ": 0.0 },
						"L_thigh": { "offsetX": 0.0, "offsetY": 0.0, "offsetZ": 0.0, "rotationX": 0.0, "rotationY": 0.0, "rotationZ": 0.0 },
						"L_feet": { "rotationX": 0.0, "rotationY": 0.0, "rotationZ": 0.0 },
						"R_thigh": { "offsetX": 0.0, "offsetY": 0.0, "offsetZ": 0.0, "rotationX": 0.0, "rotationY": 0.0, "rotationZ": 0.0 },
						"R_feet": { "rotationX": 0.0, "rotationY": 0.0, "rotationZ": 0.0 },
						"Neck": { "rotationX": 0.0, "rotationY": 0.0, "rotationZ": 0.0 },
						"Head": { "rotationX": 0.0, "rotationY": 0.0, "rotationZ": 0.0 },
						"L_shoulder": { "rotationX": 0.0, "rotationY": 0.0, "rotationZ": 0.0 },
						"L_upper_arm": { "rotationX": 0.0, "rotationY": 0.0, "rotationZ": 0.0 },
						"L_lower_arm": { "rotationX": 0.0, "rotationY": 0.0, "rotationZ": 0.0 },
						"R_shoulder": { "rotationX": 0.0, "rotationY": 0.0, "rotationZ": 0.0 },
						"R_upper_arm": { "rotationX": 0.0, "rotationY": 0.0, "rotationZ": 0.0 },
						"R_lower_arm": { "rotationX": 0.0, "rotationY": 0.0, "rotationZ": 0.0 }
					}
				},
				{
					"frame": 16,
					"elements": {
						"Body": { "offsetX": -6.0, "offsetY": -0.5, "offsetZ": 0.0, "rotationX": 0.0, "rotationY": 0.0, "rotationZ": 22.0 },
						"Abdomen": { "rotationX": 0.0, "rotationY": 0.0, "rotationZ": -14.0 },
						"L_thigh": { "rotationX": 0.0, "rotationY": 0.0, "rotationZ": -14.0 },
						"L_feet": { "rotationX": 0.0, "rotationY": 0.0, "rotationZ": 102.0 },
						"R_thigh": { "rotationX": 0.0, "rotationY": 0.0, "rotationZ": -11.0 },
						"R_feet": { "rotationX": 0.0, "rotationY": 0.0, "rotationZ": 97.0 },
						"Neck": { "rotationX": 0.0, "rotationY": 0.0, "rotationZ": 6.0 },
						"Head": { "rotationX": 0.0, "rotationY": 0.0, "rotationZ": 0.0 },
						"L_shoulder": { "rotationX": 3.0, "rotationY": -14.0, "rotationZ": -22.0 },
						"L_upper_arm": { "rotationX": 0.0, "rotationY": 0.0, "rotationZ": -11.0 },
						"L_lower_arm": { "rotationX": 0.0, "rotationY": 0.0, "rotationZ": -22.0 },
						"R_shoulder": { "rotationX": 0.0, "rotationY": 17.0, "rotationZ": -14.0 },
						"R_upper_arm": { "rotationX": 0.0, "rotationY": 0.0, "rotationZ": -17.0 },
						"R_lower_arm": { "rotationX": 0.0, "rotationY": 0.0, "rotationZ": -14.0 }
					}
				},
				{
					"frame": 30,
					"elements": {
						"Body": { "offsetX": -6.0, "offsetY": -0.5, "offsetZ": 0.0, "rotationX": 0.0, "rotationY": 0.0, "rotationZ": 20.0 },
						"Abdomen": { "offsetX": 0.0, "offsetY": 0.0, "offsetZ": 0.0, "rotationX": 0.0, "rotationY": 0.0, "rotationZ": -10.0 },
						"L_thigh": { "offsetX": 0.0, "offsetY": 0.0, "offsetZ": 0.0, "rotationX": 0.0, "rotationY": 0.0, "rotationZ": -14.0 },
						"L_feet": { "rotationX": 0.0, "rotationY": 0.0, "rotationZ": 100.0 },
						"R_thigh": { "offsetX": 0.0, "offsetY": 0.0, "offsetZ": 0.0, "rotationX": 0.0, "rotationY": 0.0, "rotationZ": -11.0 },
						"R_feet": { "rotationX": 0.0, "rotationY": 0.0, "rotationZ": 95.0 },
						"Neck": { "rotationX": 0.0, "rotationY": 0.0, "rotationZ": 6.0 },
						"Head": { "rotationX": 0.0, "rotationY": 0.0, "rotationZ": 0.0 },
						"L_shoulder": { "rotationX": 3.0, "rotationY": -14.0, "rotationZ": -20.0 },
						"L_upper_arm": { "rotationX": 0.0, "rotationY": 0.0, "rotationZ": -11.0 },
						"L_lower_arm": { "offsetX": 0.0, "offsetY": 0.0, "offsetZ": 0.0, "rotationX": 0.0, "rotationY": 0.0, "rotationZ": -22.0 },
						"R_shoulder": { "rotationX": 0.0, "rotationY": 17.0, "rotationZ": -12.0 },
						"R_upper_arm": { "rotationX": 0.0, "rotationY": 0.0, "rotationZ": -17.0 },
						"R_lower_arm": { "offsetX": 0.0, "offsetY": 0.0, "offsetZ": 0.0, "rotationX": 0.0, "rotationY": 0.0, "rotationZ": -14.0 }
					}
				},
				{
					"frame": 38,
					"elements": {
						"Body": { "offsetX": -9.0, "offsetY": 3.0, "offsetZ": 0.0 }
					}
				},
				{
					"frame": 45,
					"elements": {
						"Body": { "offsetX": -9.5, "offsetY": 6.5, "offsetZ": 0.0, "rotationX": 0.0, "rotationY": 0.0, "rotationZ": 64.0 },
						"Abdomen": { "offsetX": 0.0, "offsetY": 1.0, "offsetZ": 0.0, "rotationX": 0.0, "rotationY": 0.0, "rotationZ": -28.0 },
						"L_thigh": { "offsetX": 0.0, "offsetY": 1.0, "offsetZ": 0.0, "rotationX": 0.0, "rotationY": 0.0, "rotationZ": -14.0 },
						"L_feet": { "rotationX": 0.0, "rotationY": 0.0, "rotationZ": 75.0 },
						"R_thigh": { "offsetX": 0.0, "offsetY": 1.0, "offsetZ": 0.0, "rotationX": 0.0, "rotationY": 0.0, "rotationZ": -11.0 },
						"R_feet": { "rotationX": 0.0, "rotationY": 0.0, "rotationZ": 72.0 },
						"Neck": { "rotationX": 0.0, "rotationY": 0.0, "rotationZ": 22.0 },
						"Head": { "rotationX": 0.0, "rotationY": 0.0, "rotationZ": 0.0 },
						"L_shoulder": { "rotationX": -33.0, "rotationY": -25.0, "rotationZ": -69.0 },
						"L_upper_arm": { "rotationX": 0.0, "rotationY": 8.0, "rotationZ": -36.0 },
						"L_lower_arm": { "offsetX": 0.0, "offsetY": 1.0, "offsetZ": 0.0, "rotationX": 0.0, "rotationY": 14.0, "rotationZ": -80.0 },
						"R_shoulder": { "rotationX": 0.0, "rotationY": 17.0, "rotationZ": -61.0 },
						"R_upper_arm": { "rotationX": -11.0, "rotationY": 0.0, "rotationZ": -58.0 },
						"R_lower_arm": { "offsetX": 0.0, "offsetY": 1.0, "offsetZ": 0.0, "rotationX": 0.0, "rotationY": 0.0, "rotationZ": -86.0 }
					}
				},
				{
					"frame": 62,
					"elements": {
						"Body": { "offsetX": -9.5, "offsetY": 6.5, "offsetZ": 0.0, "rotationX": 0.0, "rotationY": 0.0, "rotationZ": 62.0 },
						"Abdomen": { "offsetX": 0.0, "offsetY": 1.0, "offsetZ": 0.0, "rotationX": 0.0, "rotationY": 0.0, "rotationZ": -24.0 },
						"L_thigh": { "offsetX": 0.0, "offsetY": 1.0, "offsetZ": 0.0, "rotationX": 0.0, "rotationY": 0.0, "rotationZ": -14.0 },
						"L_feet": { "rotationX": 0.0, "rotationY": 0.0, "rotationZ": 73.0 },
						"R_thigh": { "offsetX": 0.0, "offsetY": 1.0, "offsetZ": 0.0, "rotationX": 0.0, "rotationY": 0.0, "rotationZ": -11.0 },
						"R_feet": { "rotationX": 0.0, "rotationY": 0.0, "rotationZ": 70.0 },
						"Neck": { "rotationX": 0.0, "rotationY": 0.0, "rotationZ": 22.0 },
						"Head": { "rotationX": 0.0, "rotationY": 0.0, "rotationZ": 0.0 },
						"L_shoulder": { "rotationX": -33.0, "rotationY": -25.0, "rotationZ": -65.0 },
						"L_upper_arm": { "rotationX": 0.0, "rotationY": 8.0, "rotationZ": -36.0 },
						"L_lower_arm": { "offsetX": 0.0, "offsetY": 1.0, "offsetZ": 0.0, "rotationX": 0.0, "rotationY": 14.0, "rotationZ": -80.0 },
						"R_shoulder": { "rotationX": 0.0, "rotationY": 17.0, "rotationZ": -57.0 },
						"R_upper_arm": { "rotationX": -11.0, "rotationY": 0.0, "rotationZ": -58.0 },
						"R_lower_arm": { "offsetX": 0.0, "offsetY": 1.0, "offsetZ": 0.0, "rotationX": 0.0, "rotationY": 0.0, "rotationZ": -86.0 }
					}
				},
				{
					"frame": 65,
					"elements": {
						"Body": { "offsetX": -9.3, "offsetY": 6.6, "offsetZ": 0.0 },
						"Abdomen": { "offsetX": 0.0, "offsetY": 0.8, "offsetZ": 0.0 }
					}
				},
				{
					"frame": 68,
					"elements": {
						"Body": { "offsetX": -9.5, "offsetY": 6.5, "offsetZ": 0.0 },
						"Abdomen": { "offsetX": 0.0, "offsetY": 1.0, "offsetZ": 0.0 }
					}
				},
				{
					"frame": 71,
					"elements": {
						"Body": { "offsetX": -9.3, "offsetY": 6.6, "offsetZ": 0.0 },
						"Abdomen": { "offsetX": 0.0, "offsetY": 0.8, "offsetZ": 0.0 }
					}
				},
				{
					"frame": 74,
					"elements": {
						"Body": { "offsetX": -9.5, "offsetY": 6.5, "offsetZ": 0.0 },
						"Abdomen": { "offsetX": 0.0, "offsetY": 1.0, "offsetZ": 0.0 }
					}
				},
				{
					"frame": 80,
					"elements": {
						"Body": { "offsetX": -9.5, "offsetY": 6.5, "offsetZ": 0.0, "rotationX": 0.0, "rotationY": 0.0, "rotationZ": 64.0 },
						"Abdomen": { "offsetX": 0.0, "offsetY": 1.0, "offsetZ": 0.0, "rotationX": 0.0, "rotationY": 0.0, "rotationZ": -28.0 },
						"L_thigh": { "offsetX": 0.0, "offsetY": 1.0, "offsetZ": 0.0, "rotationX": 0.0, "rotationY": 0.0, "rotationZ": -14.0 },
						"L_feet": { "rotationX": 0.0, "rotationY": 0.0, "rotationZ": 75.0 },
						"R_thigh": { "offsetX": 0.0, "offsetY": 1.0, "offsetZ": 0.0, "rotationX": 0.0, "rotationY": 0.0, "rotationZ": -11.0 },
						"R_feet": { "rotationX": 0.0, "rotationY": 0.0, "rotationZ": 72.0 },
						"Neck": { "rotationX": 0.0, "rotationY": 0.0, "rotationZ": 22.0 },
						"Head": { "rotationX": 0.0, "rotationY": 0.0, "rotationZ": 0.0 },
						"L_shoulder": { "rotationX": -33.0, "rotationY": -25.0, "rotationZ": -69.0 },
						"L_upper_arm": { "rotationX": 0.0, "rotationY": 8.0, "rotationZ": -36.0 },
						"L_lower_arm": { "offsetX": 0.0, "offsetY": 1.0, "offsetZ": 0.0, "rotationX": 0.0, "rotationY": 14.0, "rotationZ": -80.0 },
						"R_shoulder": { "rotationX": 0.0, "rotationY": 17.0, "rotationZ": -61.0 },
						"R_upper_arm": { "rotationX": -11.0, "rotationY": 0.0, "rotationZ": -58.0 },
						"R_lower_arm": { "offsetX": 0.0, "offsetY": 1.0, "offsetZ": 0.0, "rotationX": 0.0, "rotationY": 0.0, "rotationZ": -86.0 }
					}
				}
			]
		},

		{
			"name": "standhurt",
			"code": "standhurt",
			"quantityframes": 23,
			"onActivityStopped": "PlayTillEnd",
			"onAnimationEnd": "Stop",
			"keyframes": [
				{
					"frame": 0,
					"elements": {
						"Body": { "offsetX": 0.0, "offsetY": 0.0, "offsetZ": 0.0, "rotationX": 0.0, "rotationY": 0.0, "rotationZ": 0.0 },
						"Abdomen": { "offsetX": 0.0, "offsetY": 0.0, "offsetZ": 0.0, "rotationX": 0.0, "rotationY": 0.0, "rotationZ": 0.0 },
						"L_thigh": { "rotationX": 0.0, "rotationY": 0.0, "rotationZ": 0.0 },
						"R_thigh": { "rotationX": 0.0, "rotationY": 0.0, "rotationZ": 0.0 },
						"Neck": { "rotationX": 0.0, "rotationY": 0.0, "rotationZ": 0.0 },
						"Head": { "rotationX": 0.0, "rotationY": 0.0, "rotationZ": 0.0 },
						"L_shoulder": { "rotationX": 0.0, "rotationY": 0.0, "rotationZ": 0.0 },
						"L_upper_arm": { "rotationX": 0.0, "rotationY": 0.0, "rotationZ": 0.0 },
						"L_lower_arm": { "rotationX": 0.0, "rotationY": 0.0, "rotationZ": 0.0 },
						"R_shoulder": { "rotationX": 0.0, "rotationY": 0.0, "rotationZ": 0.0 },
						"R_upper_arm": { "rotationX": 0.0, "rotationY": 0.0, "rotationZ": 0.0 },
						"R_lower_arm": { "rotationX": 0.0, "rotationY": 0.0, "rotationZ": 0.0 }
					}
				},
				{
					"frame": 7,
					"elements": {
						"Body": { "offsetX": 2.0, "offsetY": 0.2, "offsetZ": 0.0, "rotationX": -5.0, "rotationY": 0.0, "rotationZ": -32.0 },
						"Abdomen": { "offsetX": 0.0, "offsetY": 0.0, "offsetZ": 0.0, "rotationX": 5.0, "rotationY": 0.0, "rotationZ": 19.0 },
						"L_thigh": { "rotationX": 0.0, "rotationY": 0.0, "rotationZ": 14.0 },
						"R_thigh": { "rotationX": 0.0, "rotationY": 0.0, "rotationZ": 14.0 },
						"Neck": { "rotationX": 0.0, "rotationY": 0.0, "rotationZ": -14.0 },
						"Head": { "rotationX": 0.0, "rotationY": 0.0, "rotationZ": 0.0 },
						"L_shoulder": { "rotationX": 5.0, "rotationY": 0.0, "rotationZ": 11.0 },
						"L_upper_arm": { "rotationX": -2.0, "rotationY": 0.0, "rotationZ": -3.0 },
						"L_lower_arm": { "rotationX": -4.0, "rotationY": 0.0, "rotationZ": -14.0 },
						"R_shoulder": { "rotationX": -4.0, "rotationY": 0.0, "rotationZ": 17.0 },
						"R_upper_arm": { "rotationX": 2.0, "rotationY": 0.0, "rotationZ": -11.0 },
						"R_lower_arm": { "rotationX": 5.0, "rotationY": 0.0, "rotationZ": -11.0 }
					}
				}
			]
		}
	]
}