{
  "code": "creature",
  "class": "ItemCreature",
  "maxstacksize": 64,
  "variantgroups": [
    {
      "code": "type",
      "states": [ "surfacegoblin-alternate_1" ]
    }
  ],
  "shape": {
    "base": "entity/land/goblin"
  },
  "texture": { "base": "entity/goblin/goblin_alt_1_texture" },
  "creativeinventory": {
    "general": [ "*" ],
    "items": [ "*" ],
    "creatures": [ "*" ]
  },
  "materialDensity": 600,
  "guiTransform": {
    "rotation": {
      "x": 0,
      "y": -90,
      "z": -180
    },
    "origin": {
      "x": 0.5,
      "y": 0.8,
      "z": 0.5
    },
    "scale": 1.2
  },
  "fpHandTransform": {
    "rotation": {
      "x": 0,
      "y": -90,
      "z": 0
    },
    "origin": {
      "x": 0.5,
      "y": 0.15,
      "z": 0.5
    },
    "scale": 0.8
  },
  "groundTransform": {
    "translation": {
      "x": 0,
      "y": 0.15,
      "z": 0
    },
    "rotation": {
      "x": 0,
      "y": -90,
      "z": 0
    },
    "origin": {
      "x": 0.5,
      "y": 0.15,
      "z": 0.5
    },
    "scale": 0.1
  }
}